id,mass,x,y,z,vx,vy,vz
0,74.9048,-1.84204,-0.246116,-8.1328,-0.00278376,0.0573041,0.0811999
1,62.5582,-3.58544,3.14607,5.97333,0.0589356,-0.0559647,-0.088544
2,13.5066,4.04253,1.81258,-7.1971,0.00720224,0.0398374,0.0675772
3,55.926,5.71481,-4.10955,-5.93573,-0.0463871,-0.050589,0.0834617
4,6.42633,-1.83817,-7.31493,-1.61683,-0.0418717,0.0754552,0.05496
5,46.4198,-5.35775,7.53464,3.73462,-0.0137895,-0.00602745,-0.0476879
6,31.2827,8.18659,3.22347,0.365063,0.0610205,-0.0951212,-0.0619161
7,25.4758,-8.93768,-8.35492,9.04413,-0.03261,0.0844109,0.00480655
8,27.5015,2.79184,-9.34803,-2.52067,-0.0325476,-0.0375061,0.0668974
9,72.5697,-7.05614,9.55319,8.90783,-0.0324381,0.0705717,0.0446513
10,88.9845,3.59541,-5.18076,-8.96289,-0.031076,-0.0733998,0.096125
11,24.8777,3.15005,-8.84348,0.803306,0.0197321,0.0404466,-0.0121314
12,22.5039,-7.13967,-4.92625,-7.80465,0.0121452,0.0517924,0.0485479
13,70.2415,-0.924712,-3.74941,-3.79798,0.0548887,-0.00691979,0.0250094
14,29.4524,5.03957,-7.92445,-2.59386,-0.048232,0.0516721,0.0537109
15,23.1928,-6.40256,0.520266,9.44791,-0.0049543,-0.00951513,-0.0795059
16,57.7542,-3.1504,-0.046239,-0.964131,0.0440061,0.0281094,0.0973264
17,65.0824,1.06711,2.04876,-4.55073,0.0822742,0.024971,0.00696786
18,43.0532,-1.55407,8.20694,-8.80996,0.0664524,-0.0272077,0.00357313
19,92.1314,3.45333,7.45875,9.10342,-0.0830315,-0.0419966,-0.0586573
20,35.3093,-8.35619,6.18838,5.45463,-0.0170833,-0.0739496,-0.0284661
21,10.4392,-2.96948,-7.82185,4.17533,-0.0448685,0.0279469,-0.0521613
22,92.7278,4.54271,5.05373,-9.16786,0.0995825,-0.064134,-0.0568981
23,73.6584,-9.26372,-8.72605,9.86654,-0.0184778,0.0628897,-0.0479259
24,61.0427,-1.98252,8.69579,7.9283,-0.0359278,-0.0538958,0.0664763
25,83.1208,-9.10385,-3.6024,9.01939,-0.0677201,0.0366827,-0.0707475
26,23.42,1.63207,2.97747,2.16007,0.00111469,-0.092617,-0.099121
27,36.7954,-4.63384,-5.90637,-0.356044,-0.0647646,0.0969316,-0.00760148
28,12.9057,5.30049,9.3932,6.46502,-0.00179255,-0.0240026,0.0895223
29,49.1368,9.62057,5.84555,-9.12694,0.0318505,0.0430536,-0.0139534
30,33.3273,1.75877,1.07594,3.86812,0.00236257,-0.0954371,-0.047628
31,15.6643,4.0951,8.08936,-8.92602,-0.0858124,-0.0116653,-0.0606648
32,44.8108,0.20714,7.09974,-1.25832,0.0843511,-0.0382427,-0.0835276
33,30.6867,-6.35335,-4.50204,-3.12436,0.0551864,-0.0413052,-0.0777514
34,31.087,-2.82814,-6.32628,1.67236,-0.0696313,-0.000774743,0.00410047
35,31.6808,-6.50092,3.27805,3.90438,0.0195818,0.0933776,-0.0473187
36,8.01539,8.42079,-9.78718,1.68656,0.012108,-0.0701029,-0.0779998
37,84.6193,7.77601,-6.32295,-4.70497,-0.0865244,-0.0433131,-0.0748682
38,48.9613,-3.0351,-1.43867,7.89867,0.0311102,0.00172377,-0.015184
39,38.4143,2.5868,-3.40259,7.56734,-0.000811799,-0.0793539,0.018091
40,36.9392,-0.724236,5.98993,7.97047,-0.0695106,0.0858044,0.0676235
41,14.1205,-3.3504,0.538043,9.70378,0.0157049,-0.0624645,0.0177953
42,20.7825,0.951865,7.75462,-4.11726,0.0190297,0.0169004,0.0651067
43,81.9362,3.81331,-1.30925,-8.07286,-0.00535591,0.00169621,-0.00783374
44,99.0318,-6.54355,-0.110462,-3.16185,-0.011817,0.0414712,-0.00962131
45,6.66114,2.17511,-7.88777,8.71919,0.0596866,0.0317786,0.0966831
46,24.0711,7.01189,1.37549,4.94929,-0.0871661,-0.0795747,-0.0610703
47,97.1926,-3.44605,1.62292,4.24439,-0.0713981,-0.0524783,-0.0215248
48,91.4201,9.13998,-7.60983,-0.718481,0.0633578,0.0685729,-0.00850263
49,28.1436,6.61449,-4.74231,4.83631,-0.0584746,-0.0556295,-0.0841134
50,27.6897,-5.10157,-9.84754,-1.6985,0.0598667,0.0963797,-0.0263752
51,79.1806,7.37211,8.77547,-9.25979,-0.0358431,0.0637585,0.00986454
52,49.8549,-2.88643,-7.86857,-1.06771,0.0309695,-0.0640316,-0.00724987
53,61.8547,5.4638,-6.60618,7.85787,0.0115543,-0.0595402,-0.00420572
54,25.3555,-3.25649,-9.37523,9.95712,-0.0294343,0.0974254,0.0979281
55,24.7214,-0.672933,-8.38125,-8.80524,0.0804419,-0.0737988,-0.0438264
56,43.4196,5.02405,2.48579,5.10081,0.0220567,-0.0680516,0.00648002
57,65.7748,4.76896,4.72056,-8.44365,0.0148002,0.0657399,0.0386779
58,58.9536,0.939759,-7.27769,1.43112,0.00870177,-0.0989923,-0.051537
59,83.4099,8.83383,-4.95982,1.17099,0.0978147,-0.0385575,0.0864881
60,20.9139,3.5557,3.10354,-2.07644,0.0827161,0.0854832,-0.0727999
61,75.8231,0.903288,-2.27136,5.17566,0.0841586,-0.0578738,-0.0345818
62,23.9609,4.48237,6.99151,-7.15607,-0.00519112,0.0276704,-0.0195099
63,92.0806,-3.18583,-7.03237,-3.90305,-0.0563949,0.0711496,0.0930461
64,19.9817,-0.419499,-3.88739,-3.36978,0.00871098,0.0781858,0.046647
65,58.6646,2.33748,-9.7134,8.19729,0.0841633,-0.087631,-0.0446262
66,10.7529,-0.928786,-6.73382,-1.91897,-0.0270925,0.0939891,0.053885
67,30.9377,3.12543,-5.66177,-1.37758,-0.0615784,0.0625369,-0.060618
68,53.088,-0.724241,9.2327,-8.62035,-0.0766407,0.0937363,-0.00459151
69,51.0459,9.64614,-5.84253,1.44416,0.0684365,-0.0737414,0.0125394
70,77.9051,-1.61152,-7.2457,-4.11669,-0.0553755,0.0597754,-0.069052
71,15.2889,5.77545,-7.63478,3.63754,-0.0309455,0.0317878,-0.0300411
72,92.0256,0.0763425,-8.29785,-3.86678,0.0821945,-0.00995619,-0.0896861
73,6.40655,5.94199,7.94747,-2.90462,-0.0638495,0.0179479,0.0099373
74,54.9873,5.98936,6.2474,-9.11973,0.0651764,-0.0232205,-0.0378714
75,17.3118,-0.728387,-0.667682,-7.91228,-0.00548848,-0.00577976,-0.0813862
76,93.86,0.462487,5.31775,7.87423,0.0761355,-0.0629649,0.0563627
77,91.4024,8.52203,-5.63846,-5.78569,0.0688335,-0.00641871,0.0805884
78,83.1562,0.171281,0.0296037,-9.45867,-0.0509621,-0.0602396,0.0100683
79,71.8245,0.237293,-4.45064,-7.91714,0.0987306,0.0385914,0.0544515
80,78.1105,-5.37799,-8.13591,3.53622,-0.0875826,0.0603982,0.0421027
81,95.0089,-1.63764,4.526,-4.29348,0.0246681,-0.0394419,0.082948
82,52.8067,-9.23261,-9.56398,-9.8424,-0.0671725,0.0551791,0.0207864
83,36.5513,-5.85411,5.47864,8.10028,0.0902383,-0.0427373,-0.0926794
84,35.5799,4.20647,-3.72926,-6.17636,-0.0898158,-0.0236666,-0.0390698
85,38.3908,-4.58553,3.52017,5.68197,0.0773295,-0.0108249,0.0517582
86,62.2844,-6.52466,-3.47713,5.05089,-0.0866461,-0.0334492,0.00408338
87,71.152,1.71925,-9.78728,3.74152,0.089324,-0.0252238,0.0224896
88,19.4529,-2.17376,6.22667,-4.36513,-0.0817516,-0.0659732,0.0940233
89,82.7956,-7.22471,1.67024,5.16681,-0.00870796,-0.0901491,-0.0936786
90,19.5595,5.60489,2.32543,3.42895,0.0154049,-0.0124599,-0.00826691
91,34.0755,1.54075,-2.2957,-0.0717212,-0.0144217,0.0947905,0.0370528
92,9.47443,-6.7555,-4.09527,7.79097,0.0847782,-0.0606262,-0.0636025
93,40.848,-7.63937,9.2478,-9.05834,-0.0492225,0.0116032,0.0474645
94,11.4094,-2.38103,-7.56602,-5.81999,-0.0391716,0.00153559,-0.081194
95,67.7603,-5.13643,5.95479,-2.62456,0.0289335,-0.0474012,0.00604621
96,82.9666,-1.95583,3.95035,0.167322,-0.0832132,-0.0160994,-0.0839726
97,74.1326,8.43578,-8.56697,-6.90909,0.0440506,0.0696007,0.0249212
98,86.4633,6.36618,5.50253,0.0539287,-0.00534871,-0.0564618,0.0358595
99,11.7007,-4.16891,-1.32595,0.265434,0.093934,-0.0998253,0.00333697
100,40.0944,1.69831,-2.86419,6.7824,-0.0570348,0.06241,0.0107018
101,40.6534,5.43663,8.12485,2.80324,0.0321742,-0.035669,0.00103993
102,96.4891,-0.919759,-6.53767,-9.45674,-0.010049,0.035108,0.0846755
103,96.0553,6.18755,-1.48182,8.71675,0.015097,-0.0463602,-0.0729246
104,34.8264,-3.2656,-9.46222,7.04105,0.0947834,0.0830465,0.0915107
105,86.6801,7.61444,9.81601,-4.48588,0.00858291,0.0256905,0.0728561
106,58.0403,7.09122,-9.45606,3.01326,0.0593217,-0.0624259,-0.00142128
107,48.4353,-3.59027,-2.30461,-8.72537,0.0640922,0.0479385,-0.0290471
108,17.375,8.98023,1.4059,-6.94535,-0.0734802,0.00199087,0.0393621
109,55.1416,3.19476,2.36706,-8.21493,-0.0799261,0.0466416,0.0572175
110,12.0615,-9.10868,-4.60788,7.41166,-0.00843245,0.00212866,-0.0931975
111,78.5966,9.15821,6.93981,7.32606,0.033547,-0.0227791,-0.0829912
112,6.42473,-8.49178,4.64395,9.78964,0.0445671,-0.050107,-0.0937581
113,88.4858,-5.67139,-8.54641,-0.523809,-0.0417103,-0.0496955,-0.0561705
114,96.6898,1.97208,-1.74024,4.75821,0.050825,0.0945931,0.0144515
115,88.2518,-8.43487,5.30705,-1.80291,-0.00368897,0.0376584,-0.0142717
116,1.08676,-8.42434,6.84846,-4.37333,0.0576999,-0.0811758,-0.00655513
117,12.9101,-7.28326,3.87079,2.81254,-0.0342709,0.0814401,-0.000446931
118,36.1618,4.54118,7.12281,-6.33262,0.0300543,0.0574761,-0.0456095
119,3.36869,4.16332,-0.502681,2.70733,-0.0390956,-0.000918578,-0.0150451
120,29.9392,-0.234867,-5.11792,-9.27262,0.0977473,0.00201234,-0.0418708
121,22.0075,-8.38216,9.61397,-4.90487,-0.096238,0.0902363,0.0802364
122,76.5357,7.32386,2.59426,7.22964,0.0352311,0.0259874,-0.0197307
123,91.5556,-1.72239,0.159606,9.79856,0.0135566,0.0519877,-0.0843946
124,2.46929,6.10917,-9.72543,7.46548,0.0950983,-0.0484933,-0.0790997
125,57.8699,0.827639,-1.47936,9.03354,0.0215591,-0.0309052,0.0416661
126,42.914,-4.36969,7.22911,-5.3862,0.0486194,0.0653087,0.080593
127,78.7715,7.35531,-9.39273,-9.14753,-0.0552956,-0.0858809,0.0718342
128,57.1281,-6.52686,-6.26012,-3.04236,-0.0831615,0.0552181,0.0225608
129,11.2884,0.172742,7.46385,8.33571,0.0372965,0.0400827,0.0944671
130,5.84068,8.65545,-6.25771,9.11572,0.0296266,0.00550566,0.0435632
131,19.3884,-9.77087,5.55039,-7.42063,-0.0778617,-0.0654176,-0.0243957
132,82.4667,-1.28569,-0.146898,7.00667,0.0426964,-0.0784974,-0.0443921
133,62.0235,-6.43704,6.69951,-3.63909,-0.0675946,0.0578178,-0.0267825
134,65.3353,3.2962,5.34936,-9.28811,0.0537515,-0.0488614,0.0972289
135,97.7152,-7.71299,-5.85854,7.84025,0.00442465,-0.0343849,0.00510152
136,10.4508,-3.15287,-2.51706,8.49246,-0.0844098,-0.0953936,0.0132402
137,37.3013,-2.36836,-1.195,-2.61387,0.0519382,0.0341024,0.0576336
138,58.6591,-3.14558,-9.58539,0.306703,0.0207932,0.0523863,-0.0652744
139,32.3241,-1.16506,4.46298,-5.2746,0.0715288,0.0389309,0.0590811
140,60.2011,3.08479,6.40007,7.17897,0.0949477,0.0793878,-0.0658981
141,46.4876,-7.16056,4.37399,-2.24394,0.0360743,-0.0615635,0.0394895
142,55.5053,-7.23602,5.44407,2.74196,-0.0799339,-0.0632689,0.0974019
143,86.0084,8.4812,5.83016,2.08137,-0.00874675,-0.0458741,-0.026227
144,96.8753,-5.99366,-1.48185,-6.61738,0.0795227,0.0535052,-0.0754042
145,37.0141,0.640891,5.15602,1.30441,-0.0271289,0.0471599,-0.0761281
146,16.04,-0.357499,9.59075,-8.67015,0.00707005,0.07714,-0.0754536
147,81.7329,1.17044,-3.75427,-7.3862,-0.05455,-0.0378838,0.0518255
148,44.276,-4.09149,-0.322167,-1.01441,0.0623783,0.0230193,0.0413972
149,26.57,6.82811,-2.99091,1.46042,0.0342348,-0.0500484,0.0416982
150,51.5591,-6.45475,2.57564,-4.72969,0.0940193,-0.0151372,0.0730774
151,18.8994,-8.6201,-2.66144,9.40985,0.0451735,0.0544676,-0.0486499
152,19.1898,-5.03141,0.766339,6.39227,0.0257548,-0.0200225,0.00279732
153,22.6101,-6.71431,0.153942,0.775402,0.0703721,-0.0658196,0.0942576
154,29.2588,2.52026,-8.39575,-0.83313,0.0717593,0.0808401,0.0652492
155,27.1941,-6.1837,3.00015,-3.97474,0.0585443,0.0555246,-0.0740223
156,7.80261,3.70867,9.63623,-6.90954,0.0628185,0.0303538,-0.0684908
157,2.62255,-6.45065,7.89236,2.21426,0.023788,-0.0592788,-0.0364761
158,76.7617,-1.58902,8.5846,6.59751,-0.0743809,0.0373396,-0.052582
159,68.9531,1.76957,6.40511,5.46775,-0.0521506,0.055743,0.0693603
160,81.7913,-6.8563,5.02322,2.63338,0.0910418,0.02789,-0.0394942
161,74.4848,-9.2636,9.33424,4.43579,-0.0178402,0.0541758,-0.00194652
162,81.8809,-3.51555,8.94685,0.45938,0.0606529,0.0557115,-0.0165312
163,89.8535,1.72785,5.40209,7.23663,-0.0229765,-0.0526608,-0.0680202
164,65.4255,-0.678561,3.83102,1.05345,0.0853123,0.0165585,0.0135121
165,7.67187,9.07951,-0.292671,4.05532,-0.0392475,0.0938518,-0.0542361
166,86.5654,9.48874,5.91689,3.60911,-0.0637554,0.0379754,0.0172616
167,75.0301,3.46556,7.4597,-6.60562,0.0856354,-0.0209444,0.0952777
168,22.3713,-2.83895,9.906,8.98554,-0.0183292,-0.0337459,0.044995
169,80.2724,8.3209,-0.424262,-8.04206,0.0261213,-0.0475105,0.0512867
170,20.5679,4.2851,-8.90502,-8.29951,0.0120689,0.00802108,0.0620444
171,97.0694,6.9428,1.47066,8.46373,-0.0084536,-0.0930457,0.0913835
172,47.5484,9.17365,3.90369,1.59501,0.0219295,-0.0935467,-0.0140821
173,6.52222,0.449399,-4.93116,-4.60772,0.0536498,-0.0626334,0.046779
174,63.1195,5.3291,2.12799,2.48175,-0.0797984,0.00622775,-0.0947963
175,27.0872,-8.18198,-8.18393,8.0728,0.0443292,0.0868473,-0.0941379
176,58.4798,4.23488,2.27735,-5.13059,-0.0809117,-0.00579568,-0.0405938
177,22.5483,-9.90471,9.39705,-4.99066,-0.0634211,0.0317488,-0.066601
178,21.9754,-0.591983,4.13747,2.06707,0.0625466,-0.0140764,0.02437
179,19.4839,-3.7297,-3.799,5.15161,-0.0839559,0.0631036,-0.0636009
180,98.8592,1.89082,1.5304,-9.90524,-0.091598,0.0817996,0.0602601
181,51.1819,-6.68764,-7.431,-6.24297,-0.0811859,0.000715739,0.0777902
182,78.1021,-3.5653,7.92672,-1.34186,-0.0544435,0.0902944,0.0113876
183,97.4063,6.92379,-3.53497,6.97571,0.0887269,0.0434483,-0.0210132
184,80.5117,-6.57727,-1.20093,6.7123,-0.0192026,-0.0519207,-0.0434962
185,17.9344,9.03776,9.61849,2.16046,0.0714075,-0.099542,0.00672004
186,7.42749,-0.751791,-7.90927,4.27143,0.0463091,-0.0939251,-0.0235924
187,16.1826,-3.48625,-1.98794,-4.00159,-0.0662092,-0.0136552,-0.0450628
188,92.2157,-9.79727,-0.966554,-5.83463,-0.0627048,-0.00297128,-0.0670623
189,91.0462,4.16658,2.02808,7.648,-0.0386733,-0.0392324,-0.0173672
190,16.1144,-7.30757,1.87526,-0.74494,-0.0510986,0.0981711,0.0878623
191,85.5648,3.71939,-6.47406,-3.00413,-0.0295722,-0.080806,0.0168695
192,52.9053,4.95778,-3.06684,2.00547,-0.0904478,0.0972915,0.00133296
193,86.7252,-8.83029,-6.09273,2.53415,-0.0309358,-0.0485832,-0.0256713
194,8.75318,6.49282,5.51433,-0.684527,0.0778822,0.0919742,0.0603289
195,65.6062,3.08672,3.1743,-1.64217,-0.041631,-0.0589094,0.0297905
196,71.1764,1.01491,6.75749,2.33076,-0.0755283,0.05756,0.0785017
197,60.2621,-2.94483,-9.26494,-4.09659,-0.0121691,-0.0123128,-0.0602718
198,80.963,9.96521,-1.86157,-1.44005,0.0795302,-0.0707205,0.0134691
199,79.1935,-7.6223,7.29852,-8.3361,0.0667356,-0.0953171,0.0198955
200,76.9847,-5.23723,6.63183,1.40498,-0.083661,0.0702174,-0.0203203
201,94.9848,8.62242,1.39056,-7.32263,-0.0721843,-0.0281388,-0.0377422
202,18.5005,4.68835,-8.44392,2.49451,0.070211,-0.0557791,-0.0377348
203,33.9513,9.40947,-0.936047,-2.72792,-0.033821,0.0766858,-0.0995295
204,33.8079,7.93292,-9.96982,4.37598,-0.00633213,-0.0525737,-0.00965071
205,32.6921,7.35685,3.68638,1.38151,-0.042723,-0.022825,-0.0504953
206,11.89,3.21383,-1.63189,9.68297,-0.0349729,0.0877498,0.0101138
207,45.5629,-6.48518,-9.95847,-5.08103,-0.0562923,-0.0255772,-0.0533203
208,79.4665,9.66318,-8.23524,6.12491,-0.00732979,-0.011479,0.0459221
209,84.6982,-7.83747,-4.00849,2.69043,-0.0641467,0.0970608,-0.0324569
210,51.8657,-0.217089,3.33114,-0.532724,0.00251255,-0.0202302,0.0890189
211,35.5074,-1.73774,-1.60915,-7.98107,-0.0746829,-0.0139242,0.0135031
212,82.9301,4.69742,-2.30994,-9.86648,-0.091299,0.0176334,-0.0429508
213,80.7468,-8.57326,-2.97137,-8.66072,-0.00669751,0.0147918,-0.0641214
214,53.7449,-3.74139,-1.32273,-5.1974,-0.0690132,-0.0260561,-0.0631752
215,78.5532,4.51054,-2.93942,-3.96496,0.0679634,-0.00789634,-0.09469
216,7.21537,-0.548828,2.31629,-9.245,-0.0106442,-0.0870604,-0.0231591
217,42.8222,7.14576,-4.51227,8.69634,0.0995782,-0.0426847,-0.0117191
218,96.4571,-7.16513,3.46888,5.94818,-0.0420948,0.033655,0.00348143
219,40.4627,-6.10933,7.90281,-8.00399,-0.0596663,0.0151908,0.0462554
220,9.25009,-0.105782,-7.2486,-9.89384,0.0243971,-0.0546918,0.0609904
221,55.3229,-2.93999,1.11089,8.24627,-0.0399034,-0.0815125,-0.0818153
222,78.6366,-7.29122,5.97213,7.34714,-0.0192694,0.0443016,0.0861369
223,15.5042,1.18609,-9.43172,0.878133,-0.0314531,0.0804136,-0.0350787
224,12.5318,-0.339414,-2.09491,0.325569,-0.0552707,-0.0765367,0.00218534
225,19.042,4.28628,8.61307,9.85622,-0.00465076,0.0615945,-0.0274733
226,24.7301,-9.5698,0.840337,8.97341,0.0683398,-0.0875408,0.077436
227,43.4291,4.70372,-4.38355,-2.77249,0.0773894,-0.0757899,0.0163447
228,93.1603,2.04989,-5.79176,-7.03052,0.0431771,0.0807857,0.0816907
229,39.3224,-9.33871,5.37081,4.48552,-0.0571964,-0.0753519,0.0304578
230,47.4938,1.76285,4.65842,-1.4892,0.0687163,0.0234848,0.0756866
231,31.7754,1.6816,2.84615,-6.39681,-0.0303285,-0.018411,-0.00790139
232,82.6015,0.558797,-7.73305,-8.46756,-0.0534834,-0.00780531,0.0952277
233,20.8677,-5.2475,9.08242,8.03698,0.0927988,0.0521935,0.0407632
234,81.5458,3.7344,7.13707,-6.64731,-0.0319971,-0.0694635,0.0657092
235,72.0508,-2.95663,8.0185,-4.2965,0.0570532,0.0228401,0.0686381
236,80.5409,4.37598,-9.23389,2.92816,0.0817044,-0.0526591,-0.0821825
237,76.8943,4.44578,4.45961,8.06642,0.030916,0.0178897,0.0198784
238,65.7172,-5.41156,1.74944,9.85399,-0.0533588,0.0401142,0.0368261
239,42.2907,-7.9798,-6.40674,-9.72959,-0.000295609,0.032862,0.060332
240,67.4247,8.59623,-2.50058,-6.87166,-0.0984882,0.016785,0.0930651
241,94.6884,6.96258,-5.14422,-7.36581,-0.00121232,-0.0499464,-0.00565515
242,9.10631,-0.801595,-9.62936,-3.40821,-0.0405181,0.0092416,-0.0600031
243,90.3395,4.55634,6.2441,9.90182,0.0367815,0.0937402,-0.0159827
244,88.7924,-9.04866,-5.55291,-9.53482,0.0621809,-0.0418401,-0.0036555
245,6.85255,8.60323,-0.805869,3.88712,-0.0298402,0.0756385,0.0936279
246,4.24877,7.22953,4.8398,3.25488,0.0889984,-0.0322282,0.0785328
247,45.623,2.52198,-6.47837,5.79134,-0.0113052,0.0204816,0.00824034
248,8.2463,-6.00281,-8.56421,-0.610038,0.026859,-0.0633552,-0.0647389
249,16.5507,4.17489,-6.08039,7.5444,0.0830908,0.0315837,-0.0867582
250,68.7642,3.09557,9.02687,9.7806,0.0909357,0.0606104,-0.0447573
251,55.8579,-4.55355,2.18804,2.76176,-0.0394044,0.0320497,0.0312176
252,27.5806,-7.48996,-4.4228,3.6236,-0.0950635,0.00288387,0.0190573
253,10.0555,6.40115,-7.89093,5.3293,-0.0676249,-0.0195251,0.0232123
254,27.5306,4.92713,-7.65949,0.268187,0.000394224,0.0318075,0.0379418
255,18.9039,2.74843,-5.89687,-6.40149,-0.0881004,-0.0884267,-0.00614753
256,66.4685,-4.07719,-0.195558,0.0713605,0.0865411,-0.050776,0.0380397
257,85.4067,-3.51354,-3.39845,-3.04505,-0.043616,0.0093509,-0.0291937
258,53.5009,5.476,2.46617,7.92904,-0.0628993,0.0222915,0.020932
259,91.2526,0.0517507,-0.644014,4.51456,-0.0409571,-0.0403355,0.0531562
260,93.7247,-8.45626,-8.60331,3.80825,-0.0984862,-0.000424086,0.0411258
261,93.1289,8.95772,9.4641,-8.6739,0.036791,0.0591814,0.0900193
262,4.80463,-5.02438,6.13489,-5.63987,0.0435332,0.0863108,-0.0748684
263,98.881,-1.02014,8.06519,5.89684,0.0974287,-0.00785684,0.0194071
264,26.1841,-4.23556,8.5862,-9.24227,-0.0185279,-0.0447166,0.0580365
265,83.4559,9.38703,5.54037,3.88562,0.0797986,0.0186653,-0.072977
266,99.7157,5.15687,-0.967242,-0.255265,0.00456747,0.0737645,-0.0250197
267,58.2021,-1.17827,-9.06622,9.17959,-0.0867177,-0.0736727,-0.0973235
268,8.25494,3.51638,9.2639,8.10691,0.0259366,-0.0771732,-0.00820177
269,66.8845,0.262262,-5.91543,6.95104,-0.0877858,0.00765576,-0.0101167
270,50.655,2.76029,6.1799,2.53638,0.0650735,0.0877317,-0.0644881
271,56.3467,2.4426,0.816024,2.83451,0.0148868,0.0103296,-0.0377721
272,62.1029,4.8828,-0.0462665,-6.96695,-0.0702112,0.098263,-0.00561525
273,45.5464,9.89805,-2.76494,6.66933,-0.0863905,-0.0651468,-0.00217029
274,60.6028,3.82002,0.316091,1.54944,-0.00118784,-0.0367171,0.0852217
275,95.8314,-3.7294,9.21829,-5.17628,-0.0480123,0.0323097,-0.00128892
276,1.50175,-7.35317,7.20791,6.7797,0.0975665,-0.00945181,0.0767388
277,48.5854,-3.19075,-4.60287,-2.70317,-0.0251561,0.0400341,0.0541688
278,66.2836,4.54717,-1.90895,5.24325,0.0492594,0.0533951,0.00403741
279,41.2,-4.37408,1.6154,6.51036,0.0411593,-0.0584739,-0.0376541
280,59.2911,5.98992,7.45713,3.90499,0.0131861,0.0620924,0.0985786
281,29.9984,-0.240614,1.68888,3.01515,0.0863611,-0.065722,0.0986443
282,70.3389,2.53966,-9.69303,-5.10251,-0.00110453,-0.0192629,0.063972
283,89.9168,5.68892,7.90566,-1.59805,0.0150112,0.0631457,-0.0152225
284,18.9983,-3.88496,-3.92669,-5.8198,-0.0612025,-0.0670703,0.0544655
285,62.3473,5.16975,-5.41581,-8.48198,-0.0872318,0.0675099,0.0405046
286,36.3303,-6.98276,-6.53165,7.07884,-0.0509739,0.0569516,0.0454883
287,81.592,7.04975,-8.05992,-9.86045,0.0858294,-0.0368584,0.0995282
288,97.8362,6.42732,6.83453,2.6868,0.0366559,-0.0988129,-0.0703673
289,49.5514,3.44716,-1.14376,-9.38207,0.0202206,0.0592348,0.0718345
290,65.5508,7.4084,-7.40664,-9.18587,0.0288152,0.0592239,-0.0337154
291,56.021,9.52047,-6.00674,7.63834,-0.0421973,-0.0502703,0.0713281
292,53.2058,1.95517,-4.74676,-8.35675,0.0223643,-0.0674904,-0.0855348
293,51.9875,-0.187307,-2.03347,2.09897,0.0315055,0.0817499,0.0245592
294,58.9191,5.77954,7.66802,4.6491,0.0423335,0.058564,-0.0909703
295,73.3923,-7.67679,7.71453,9.27,-0.0488027,0.0604992,0.0656754
296,71.6675,-0.829612,8.26022,-1.63189,-0.0287728,-0.0857827,-0.080206
297,51.4949,-5.53819,-6.03697,3.53923,0.0708875,-0.0455757,0.0953525
298,54.71,-5.8926,-0.0755582,1.1055,-0.00649853,0.0176993,-0.0999756
299,8.3774,9.20189,4.98173,-5.28189,0.0394251,0.0133606,0.0740288
300,57.2886,9.75566,-8.55038,4.89316,-0.0840933,0.0558244,0.0238548
301,37.8634,-5.64093,8.005,8.85605,-0.0642586,0.0659651,0.0702891
302,84.7611,4.88243,7.28144,4.5308,-0.0972814,0.0955539,-0.0946649
303,75.8616,8.13048,6.4596,5.0229,-0.0197414,-0.00928183,-0.0716247
304,71.7093,-3.43714,-3.01322,7.136,0.0111914,-0.083135,-0.0562629
305,77.9508,5.47263,-9.75911,2.24031,-0.0456592,0.0650662,0.0785294
306,67.7333,-1.84859,7.72726,-0.0289152,-0.0194323,0.012051,-0.0184264
307,19.6417,0.804322,-4.85173,-0.585041,-0.0841347,-0.0503466,0.0437016
308,88.199,-9.13424,7.03965,-0.787719,0.0897843,0.0425743,0.0378368
309,42.1341,-2.49566,0.823092,-0.0803443,0.0102183,-0.0271223,-0.0604565
310,1.18979,1.72068,-3.71081,-0.886819,0.0380764,-0.0668802,-0.0632231
311,59.0683,-9.54437,4.26403,3.96766,-0.0929415,-0.0609127,-0.0477337
312,66.2845,0.791844,-0.785571,-8.38026,0.0374237,-0.0559617,-0.00422095
313,57.1639,6.58708,0.44242,9.26997,0.0255079,0.00350712,0.0573911
314,87.9903,1.67878,2.97212,-2.24041,0.0257522,0.0228551,-0.0982661
315,91.1544,6.34956,-1.32699,1.8286,0.0539505,0.0657562,-0.0799281
316,47.7447,-4.18486,-2.87201,-7.84673,0.0387344,0.0814684,0.00574646
317,95.359,9.74209,-0.424572,9.12874,0.0395668,0.00988171,-0.065816
318,46.7802,5.24326,-5.61283,-0.269127,0.00146728,-0.0901677,0.0424717
319,79.6727,-2.72523,5.63156,-3.19582,0.0369992,-0.0848368,-0.0667631
320,46.6119,-2.06435,-4.21443,-4.31546,-0.094122,0.0227197,0.00739389
321,43.4627,5.53408,0.600738,-7.50045,-0.00595963,0.0262142,-0.0184969
322,51.222,-0.0499017,-5.06839,5.38225,-0.053327,0.0201064,0.00573154
323,93.308,6.20729,0.608901,-7.79388,-0.050216,-0.0585804,-0.0916554
324,88.2303,4.56631,6.16127,2.8652,-0.085184,-0.055161,-0.000801655
325,56.9512,-1.16678,-6.17635,1.56489,-0.0146959,-0.0404079,-0.00853892
326,20.1134,3.42259,-9.05202,-0.0212077,0.0304879,-0.0954372,-0.00361138
327,34.4192,-6.96885,7.47297,6.89807,-0.0562099,0.0270658,0.0695283
328,51.3537,6.22201,-4.87849,-8.54988,0.0912615,0.0939997,0.024377
329,11.7753,3.62984,-6.44872,2.85071,-0.0479934,0.0731416,-0.0482752
330,14.5965,-8.07015,3.34237,-2.9139,0.0914497,0.0776121,0.0390411
331,49.5937,-8.2336,-0.0945028,9.48923,-0.0225018,-0.088567,-0.0394634
332,59.7275,9.02786,-2.12364,6.99992,-0.0898679,0.0899671,0.0259504
333,52.5552,3.50081,-6.65336,-7.80622,-0.0241812,-0.0446008,0.0053756
334,54.1025,5.56389,-4.6363,1.73882,0.0431931,-0.0040983,0.0743642
335,83.007,-1.01545,-5.32444,6.31734,0.0318736,0.0195262,-0.0408802
336,35.9488,9.92658,6.66392,7.83278,-0.0675918,0.0145651,0.0359498
337,78.8176,-5.68648,2.98088,9.53237,-0.00559469,-0.00560715,0.0978231
338,85.1852,7.85498,-8.75838,2.41046,0.0612145,0.0516057,-0.0853172
339,85.4736,-3.15525,3.16009,1.57637,-0.00677761,0.00799012,-0.0941163
340,84.2841,5.56717,-2.36951,-4.38248,-0.0938781,-0.0236843,0.0525624
341,80.7339,8.70671,5.79636,-8.48886,0.0237513,0.0153537,-0.0448445
342,69.1426,-8.79393,-6.92549,4.01966,-0.0549621,-0.0829413,0.0366049
343,40.106,1.54636,4.9208,6.56539,0.0184382,-0.0788518,0.00651957
344,68.6112,0.929234,-2.48046,-8.7165,0.0240855,-0.0799531,0.082241
345,73.3575,-7.27706,-7.54469,9.55633,0.0627461,-0.0307597,0.0761259
346,67.0028,8.25118,1.86174,8.55526,0.0663009,-0.0230176,-0.0238845
347,50.4917,9.08455,7.16944,1.011,-0.0025551,0.0604714,0.0343379
348,84.5601,-5.17117,-2.99209,1.24508,-0.0947285,0.00844085,-0.0311091
349,92.2687,-0.329857,-0.460153,1.60416,-0.0499488,-0.0156629,0.0778569
350,58.7869,-8.67512,2.57832,-3.80098,-0.0273635,-0.0807259,0.0311647
351,41.2651,2.49229,9.52171,-7.07957,0.0155847,0.0185709,0.0763019
352,17.3761,-8.53646,-8.45001,5.22503,0.00596378,-0.00532345,0.0999545
353,68.3816,0.0515138,8.2809,3.34349,0.0788472,-0.033041,0.0778085
354,12.1156,0.170185,-2.92398,-8.4607,-0.0266955,-0.00378899,-0.0586113
355,42.4306,9.48657,7.00108,7.81691,0.0889367,0.0830333,0.0217471
356,8.59049,-0.260916,7.9431,-6.33991,0.0695237,0.0499993,0.0737419
357,5.20351,7.30396,-6.73834,6.86734,-0.0352244,0.0156882,-0.0135974
358,59.798,1.01523,-7.92699,7.9336,0.0201944,0.0312493,0.0691348
359,44.5278,-8.58209,-7.56013,-3.62619,0.0776568,0.000117011,0.00306266
360,19.0233,-3.10561,-6.43715,-5.12934,-0.00586605,0.0274075,-0.0475539
361,51.0445,0.15553,1.3182,3.88011,-0.0494734,0.0181038,-0.0750871
362,41.1766,2.9439,-7.15949,-9.82195,-0.0409267,-0.00404852,0.0449362
363,77.1301,1.80922,-2.05744,-3.48849,0.0173426,-0.0619866,-0.0651461
364,57.0702,-4.67894,-8.02561,7.32133,0.0845105,-0.0166809,-0.0251358
365,2.60898,-7.86971,-7.77788,3.54467,-0.0183771,0.000345744,-0.0714495
366,5.69497,-7.99259,6.92755,-2.41085,-0.00263592,-0.0647376,-0.0656229
367,31.0309,3.85743,3.6482,0.407293,0.0654969,0.0500355,-0.0989831
368,24.4731,0.531081,3.81312,1.80843,-0.00320474,0.0993147,-0.0449012
369,59.3261,6.69182,3.00179,-4.3696,0.0731022,0.0961976,-0.048965
370,95.9452,3.04667,2.44129,-3.03246,0.00667829,0.0168453,0.0352843
371,30.9798,-8.51318,-4.51863,5.7452,-0.0938667,-0.00498485,-0.0705894
372,67.9913,-4.50283,4.35207,6.48347,0.0158165,-0.0327617,0.0119359
373,64.4153,0.336948,6.66203,3.41376,-0.0315398,0.069078,0.0935291
374,70.4308,-9.22795,-9.22556,-1.51995,-0.0246343,0.0735686,0.0472261
375,3.96883,6.88477,6.95486,-9.34401,-0.0683895,-0.096801,-0.0469557
376,22.3568,5.31707,2.68306,-7.77032,-0.0792404,-0.00759991,0.0999344
377,51.6852,-5.44633,0.354447,-5.49977,0.0981709,0.0641677,-0.0838405
378,6.02172,8.22556,-3.34466,-9.78085,-0.0448779,0.0504982,-0.0976264
379,78.7718,1.64539,2.85185,1.78784,0.0068306,-0.00804793,-0.0947284
380,31.9519,-7.69218,-0.0470819,-9.54358,-0.0597281,0.043716,0.0435629
381,5.15516,-9.28718,-5.07114,-5.76304,0.0800041,0.0791442,0.0783572
382,88.5433,8.13813,-1.98964,-3.43874,-0.0938009,0.000260851,0.0384661
383,48.8477,8.88111,-5.29571,2.72313,-0.0217129,0.0283172,-0.0977659
384,92.7638,9.18357,-0.325124,-8.95465,0.0362133,0.0802333,-0.0422168
385,79.1409,8.10686,-7.5204,7.3753,0.0341779,0.0126705,-0.0399212
386,92.8818,-0.888574,2.7208,-9.84051,-0.0841642,0.0381915,-0.0718663
387,28.1354,-8.60649,1.21464,5.91533,-0.0303623,0.0630732,-0.0892848
388,9.78851,8.04334,0.80503,2.45751,0.0733146,-0.0899645,0.00191458
389,18.4505,3.23835,7.04693,-1.05994,0.0434062,-0.0730114,0.0788014
390,37.0792,-2.66494,-1.5737,-7.55213,0.0913022,-0.0959006,-0.0556004
391,27.9566,7.98276,3.60955,-8.55068,-0.0312642,-0.0105821,0.0621816
392,10.2616,-8.81335,-3.43527,0.113343,-0.0759634,0.0658938,-0.0689752
393,82.2898,-7.8698,7.08423,7.72169,-0.0661442,-0.02906,-0.00250413
394,41.8223,-4.37538,-8.1518,-2.40218,0.0662442,-0.0150711,-0.0625335
395,2.33275,-6.16825,-7.7065,-2.69328,-0.00745086,0.0420688,0.0959722
396,49.1637,1.29912,6.94489,1.89103,0.0368345,-0.0289814,0.0588541
397,40.5889,8.16831,-3.70681,-3.10704,0.07776,-0.0502892,-0.0428202
398,53.1177,1.25909,9.03396,5.23788,-0.0465635,-0.0515551,0.0344888
399,70.5602,9.92064,9.72961,-0.849464,0.0421285,-0.0349948,0.00442331
400,90.7903,-0.532703,-4.97882,-1.06411,-0.0604847,-0.0538768,-0.0595876
401,7.44564,-7.50224,4.42112,-8.91393,-0.0623182,0.0765491,0.092279
402,59.0034,7.99617,0.695639,3.15665,0.0175284,-0.0441317,0.0305693
403,63.8935,-9.67254,5.72763,-2.04858,-0.0089288,0.0465869,0.0702874
404,32.3832,-8.92465,-0.0439205,-5.39823,-0.0290589,-0.0261806,-0.0856007
405,7.5612,5.26243,-1.28116,-0.723366,0.0595993,0.0694966,-0.0846747
406,69.2879,0.59268,-5.73397,4.69496,-0.0608153,-0.0536,-0.0281971
407,35.372,-7.17037,-3.34706,-4.23913,0.0431753,-0.091879,-0.0230666
408,80.821,6.23102,-9.83784,8.35813,0.0432589,-0.0641983,-0.0182782
409,5.60713,-2.73842,5.89317,-8.69744,-0.023085,0.0866799,0.0235388
410,52.7182,-9.14817,7.72279,3.55225,0.0607159,0.065143,0.0381084
411,66.4035,-0.0474386,2.409,-2.63605,-0.0113718,-0.00508862,0.00175194
412,20.4758,-4.50298,-6.4676,1.75561,-0.0426683,0.0641307,-0.0628085
413,62.4133,-4.90977,-0.179651,7.66119,-0.0713701,0.0999324,-0.0975771
414,12.9814,-9.43411,2.45578,3.19817,-0.0795647,0.0671689,0.0444441
415,36.1712,-3.54975,-8.64203,9.18657,0.00119985,0.0123391,-0.0305438
416,78.3947,-2.32224,-4.79158,9.10233,0.0590961,0.0448215,-0.0927323
417,79.2112,-3.62862,4.46788,-3.53493,-0.0849379,-0.0840268,-0.072242
418,33.2626,3.08117,3.70558,-0.183887,-0.00204935,-0.0787005,-0.0103111
419,61.7321,-3.01087,-0.435327,-8.68057,0.0424422,0.0562004,0.0623246
420,80.922,5.64932,4.84068,-0.53457,-0.0429362,-0.0728143,-0.0706828
421,80.7245,-2.967,8.19446,9.11256,-0.00239334,-0.00529018,0.0229459
422,73.8178,-8.05909,1.09072,0.0993932,0.0187201,0.0154278,0.081032
423,29.1038,-8.67627,-4.00037,-0.346573,0.0776663,0.0952002,-0.0434721
424,14.9371,5.99997,-1.1018,-4.09812,-0.0173937,0.0969176,0.0126057
425,23.0596,9.55236,-5.46706,3.68898,-0.00799006,0.0913712,0.0127406
426,98.557,9.73235,2.02998,-9.05406,0.0143784,0.0390364,-0.0506348
427,6.03842,1.81594,6.93244,9.92783,-0.0508638,0.0701092,-0.015629
428,65.1456,-7.89677,0.311556,6.47376,-0.00374898,0.0780706,0.0669452
429,8.85931,7.52515,-6.78564,-6.89599,-0.0834459,-0.0423978,-0.063148
430,1.05455,-0.973204,9.17605,-7.07615,-0.0400376,-0.0350476,-0.0498479
431,49.4358,1.49601,-1.6777,5.22189,-0.0796832,-0.064198,0.0817312
432,9.38535,-2.0357,-6.11653,-8.29233,0.0972851,-0.0361612,0.000978583
433,80.5646,6.18033,-9.98318,-7.17757,-0.0311234,-0.0710147,0.026864
434,65.4705,-0.50705,-3.32079,1.11506,-0.0982383,0.0828044,-0.0958371
435,89.6771,7.96213,-3.18526,3.40883,-0.0170512,-0.0753403,-0.0979915
436,57.3699,-1.30449,6.27641,5.32074,0.0730797,-0.0349655,-0.0392637
437,47.1587,2.92614,-7.84654,5.4417,0.0156644,-0.0427472,-0.0713769
438,70.2331,-2.83517,-3.64676,5.84464,0.0364651,0.0466845,0.026122
439,49.8912,-6.4991,6.88711,5.71519,0.0744332,0.0281318,-0.0871163
440,61.6568,9.44832,-6.54447,1.16784,-0.0890474,-0.0633295,-0.0636418
441,95.5332,-2.74406,9.36304,4.90855,-0.043946,0.075274,-0.0739289
442,12.9312,9.64414,-1.02102,8.80026,0.0022547,-0.0435612,-0.0642527
443,79.2817,0.698513,5.31546,2.78065,-0.0600791,0.00822615,0.0963971
444,67.0952,-0.995662,-7.04889,2.40345,-0.096794,0.0531362,-0.0906415
445,45.8008,1.8489,5.22767,-9.85075,0.0327614,-0.0836063,0.0116338
446,27.5199,9.59827,-4.58851,7.14915,0.0519379,-0.0269356,0.084998
447,16.2333,-2.95112,5.34064,-4.55588,0.0271625,0.0199863,-0.0799271
448,86.9537,2.37868,-0.0301079,4.95702,0.0396056,0.0330014,0.0525098
449,88.707,6.1975,8.37804,-7.97051,-0.0105959,0.0225442,0.0739642
450,35.0937,-4.52397,2.35725,8.0536,-0.0893009,0.023792,-0.0276208
451,19.4709,-6.49653,8.11547,-8.96692,0.0786278,0.0320831,-0.022255
452,36.5658,-3.44386,5.1988,1.50041,-0.0514521,-0.0247,-0.0383478
453,71.756,-1.052,-8.12506,-5.10111,-0.0482223,-0.0703569,0.07475
454,22.8754,6.51287,-4.78546,2.90726,-0.0853489,-0.000759084,-0.0514705
455,26.1022,-5.90872,9.38604,8.13899,-0.0409514,0.0244327,-0.00532732
456,76.2567,5.29407,7.98846,9.86148,-0.0404992,-0.0299481,0.0303546
457,89.3027,5.6868,-1.53253,-6.15831,-0.0316645,0.0197388,0.0989987
458,30.8008,2.16657,3.55273,9.64016,0.0321464,0.0253336,-0.0307403
459,90.5144,-8.98001,3.06846,-1.85748,-0.021802,-0.0851656,0.0199971
460,78.4269,6.97049,1.21552,-9.90669,0.0886256,0.0635356,-0.00596305
461,32.5422,8.50673,4.65072,-6.91802,-0.091973,-0.0797593,0.0856393
462,85.973,8.47216,9.39854,-6.31825,0.00613255,0.0533644,-0.0840116
463,54.2516,9.00689,-5.93039,-6.23802,-0.0637482,0.0622545,0.0415132
464,52.0265,8.13279,6.04899,-8.07623,-0.0505409,0.0221411,-0.0659664
465,49.8967,-6.46217,3.20325,1.89776,0.0806877,-0.0539394,-0.0608456
466,15.3024,5.51699,-0.469645,-1.83421,0.0384583,0.00407791,0.0388863
467,58.3227,9.68332,-8.91472,-6.67466,-0.0410992,-0.0448534,0.0162349
468,61.5197,-4.03118,4.95704,1.85962,0.0691024,-0.02035,-0.000344263
469,62.7481,3.26167,0.26523,-8.7501,-0.0943565,-0.00251428,0.0969863
470,62.7505,-6.41274,9.90187,-5.84147,0.0823172,-0.0738565,0.0982424
471,57.4669,-4.49883,2.06388,2.33992,-0.0849189,0.0144126,-0.0789765
472,18.9309,-0.0955922,-7.33876,-3.90633,-0.0709924,-0.0303353,0.0326698
473,46.2561,-9.30457,-2.3238,3.64829,0.022272,0.00129327,0.0462256
474,60.8632,9.28555,9.67466,-9.9809,0.0222491,0.0920849,-0.0918099
475,74.8451,5.51179,-1.85119,-8.2637,0.0228396,-0.045164,0.0877016
476,97.069,2.62861,4.53251,-6.84731,-0.0702507,0.0531074,0.00643798
477,7.97234,-0.727771,4.62345,-5.98922,-0.0709407,0.0945924,0.0838361
478,96.6368,6.24377,6.067,-9.30446,-0.065732,-0.0181692,-0.0697671
479,23.6507,2.78999,-7.93536,-8.3879,-0.0417425,-0.0823725,-0.0211113
480,18.4997,-0.395145,-5.18474,2.99781,-0.0202667,-0.0922453,-0.067444
481,3.11708,8.80196,2.23638,1.87259,-0.00765473,-0.0816421,-0.0418937
482,81.9001,-8.12346,3.9028,6.39067,0.0754477,0.0389903,-0.0798793
483,4.46525,-0.402282,7.49924,4.62048,0.081936,0.0144717,-0.0179733
484,53.8827,2.51524,6.07082,-5.98996,-0.0881008,0.0709972,0.0897557
485,42.4011,-6.1972,-8.48384,-9.32357,-0.0905063,0.0479893,-0.0838054
486,88.9278,5.62525,2.69544,-9.96179,0.0433658,0.00616831,0.0690967
487,25.511,1.8146,7.77178,6.6138,0.0607131,-0.054883,-0.0451857
488,55.4943,6.00406,-1.19951,4.75215,-0.0883415,-0.0996891,-0.098397
489,43.4652,7.7027,-1.46677,2.86003,-0.0256238,-0.0232934,0.0937543
490,96.4218,1.82076,1.58643,9.11096,-0.071646,0.059785,-0.0710989
491,64.5868,-5.03898,-2.83286,-6.82165,-0.0814721,0.088486,0.00891533
492,94.7349,-4.86596,6.00976,7.60121,0.0744848,-0.0847019,-0.0258965
493,31.2165,-5.02951,-8.62604,4.91042,0.0473385,-0.051498,-0.0382932
494,18.0921,-1.54614,-8.33245,8.97659,-0.0400237,0.015691,0.0886597
495,22.9881,0.0805931,-3.28886,-5.33161,-0.0341992,-0.0904596,0.0703902
496,47.8411,1.67744,-1.01679,2.05893,-0.0273258,-0.0223685,-0.0984539
497,46.1511,-5.17358,-1.75834,1.81123,-0.0386053,0.00470002,-7.52027e-06
498,32.3474,-4.83148,-7.54514,8.27916,0.0563479,-0.0862235,0.0235332
499,47.8503,2.05262,-7.01713,2.58733,-0.0180506,-0.0718137,-0.0712191
500,50.3635,-6.12098,-7.22339,5.54904,0.0424898,-0.055841,0.0234897
501,2.52428,9.09582,1.64678,4.11288,0.0606119,-0.0507531,0.017939
502,86.0537,2.27824,2.56769,0.391356,0.0736178,0.0530797,0.00111717
503,55.3578,-8.92357,-2.1903,2.79673,0.0407922,0.0960065,-0.0938682
504,31.1069,2.69382,6.48166,0.72529,-0.0573875,-0.0110165,0.0896164
505,45.1785,4.01016,-6.33132,2.44612,-0.0489066,0.0802596,0.0889378
506,93.1437,-6.70219,3.06965,1.03423,0.0701739,-0.0943253,0.0384467
507,69.4774,-6.86111,-3.25772,-2.99445,-0.0980078,-0.085869,-0.0925587
508,70.8616,-6.61913,3.21177,-4.11489,-0.0923809,0.0935994,0.0819323
509,49.2075,0.500918,-2.28789,2.18267,-0.0297499,-0.000131163,-0.0993251
510,51.6803,-3.56534,-3.08786,-8.80087,0.0418901,0.0774182,0.0793593
511,43.3651,-3.35108,-0.76021,-3.02106,0.0396806,-0.055484,-0.0708755
512,57.0218,7.24566,2.29753,-0.364376,0.0978815,0.0932164,-0.0275913
513,48.3696,0.83831,7.30543,6.40035,0.0492015,0.0505838,0.0512513
514,15.0661,-4.50529,7.30324,-9.9578,0.0178168,0.0513502,0.00305663
515,1.2584,7.59548,7.40322,-6.81184,0.0732481,-0.0846784,-0.00939514
516,17.7425,9.42443,8.53758,-8.34761,0.0485511,-0.00962173,-0.0341252
517,74.8933,7.53661,-5.34672,-1.5052,0.00348954,0.00627091,-0.0599187
518,28.8191,1.90075,-5.96999,0.280563,-0.0796509,-0.0139918,0.0118161
519,83.0749,-3.18587,-9.9787,-7.15418,0.0854955,-0.0648101,-0.0437449
520,79.2187,-8.04141,-2.84138,-7.45941,-0.0477997,-0.0381694,0.0828574
521,69.4386,6.96068,-5.54763,-1.88417,-0.0619717,-0.0143956,0.0452753
522,95.0619,3.26475,0.933554,-1.45687,-0.0277907,0.0184378,-0.00178847
523,86.0088,1.00703,2.53706,1.76684,0.0171518,-0.0422676,-0.0659076
524,69.5514,8.02345,-9.68856,2.0385,-0.0146271,-0.0900465,0.0365523
525,25.0972,9.52282,-9.93092,-6.92375,-0.093105,0.0677716,-0.0340248
526,45.7001,-3.87014,6.28574,-7.05129,-0.0801465,-0.0264506,0.0247152
527,14.7885,0.45019,-8.24631,-3.28913,-0.0483771,-0.064076,-0.00491274
528,73.2908,-2.02465,-5.09523,-6.93337,-0.0505181,0.0826686,0.0189146
529,44.06,3.65589,7.5155,-1.97366,0.0288323,-0.0377589,-0.0494576
530,37.9858,-4.09389,7.914,8.77707,0.0522578,0.0850624,0.0810387
531,32.0641,-2.06381,-7.28611,-3.48986,-0.0583835,0.0570472,0.0538095
532,94.2892,8.27635,-0.745844,9.83434,-0.00617693,0.0852786,-0.00655128
533,60.2984,1.35732,3.62357,8.66277,0.0475599,0.0116562,-0.0981727
534,56.4539,-5.32188,-6.79699,-4.95949,0.0198813,0.0529202,-0.0325915
535,69.0665,-1.16009,-3.48928,7.27797,0.0994419,-0.0169085,-0.0153059
536,37.1929,6.55662,-5.34752,-2.52714,0.034056,-0.0111877,-0.0885739
537,22.796,7.27042,-0.77872,-1.01729,0.0877868,-0.0744227,0.0666821
538,35.9227,-1.9997,-8.00574,9.78113,0.0105983,0.00993227,0.0439322
539,37.5058,-6.27201,-9.69482,-1.21083,-0.0782872,-0.0646643,0.0964478
540,95.9694,6.60655,1.9997,5.57329,0.00355765,0.0541383,-0.04786
541,35.5044,-1.18803,-5.99369,6.96585,-0.0388193,0.0874689,-0.0950934
542,32.6083,7.26624,-7.24834,-5.71169,-0.0686309,0.0130165,0.0635504
543,12.63,6.97545,4.70284,6.13408,-0.0217381,0.0996214,0.0738958
544,54.937,7.33169,6.79025,-8.9788,0.00553782,-0.0988838,-0.0153657
545,26.7085,-3.87344,7.48459,-3.09502,-0.0206224,-0.0482334,0.0109866
546,40.9691,-3.80701,-0.0709486,-7.27564,0.0197847,-0.0807455,-0.0732709
547,78.6719,-4.93387,-2.6455,-9.08742,0.078443,-0.0553461,0.0726791
548,95.3229,-8.72645,-1.01343,9.95005,-0.0445535,0.0605339,-0.0695289
549,39.6613,-0.79241,5.95582,-6.68034,-0.068701,-0.0297914,0.0370104
550,50.589,0.00260191,-1.98888,-9.67437,0.0382182,0.0740368,0.0720451
551,16.8593,1.52365,-0.35768,6.96529,-0.0177869,-0.0533064,-0.0346071
552,47.9729,0.716845,2.92035,6.692,0.0576061,-0.025278,-0.0792152
553,83.0304,-5.7442,1.66931,-3.50858,-0.0821002,-0.0495129,0.0616075
554,82.5374,-5.82125,8.11132,6.38175,0.0440125,0.0440995,-0.0877397
555,59.8191,-2.60584,-4.35208,-0.495773,0.00452,0.0439141,0.0417306
556,6.03931,-3.95926,7.5414,1.14581,0.0572029,0.00108914,-0.0545906
557,53.6775,1.78599,5.92429,-9.59496,-0.0206562,-0.00510556,-0.0444899
558,29.7187,8.13728,6.38834,-8.19869,0.0501798,0.0254332,-0.0393237
559,41.7439,1.60921,2.85554,2.74145,0.0603266,-0.0161087,-0.087205
560,44.4846,7.03352,-6.90471,-8.75558,0.0669423,-0.0353736,-0.0376309
561,27.0501,8.65491,-9.1565,4.93814,-0.0727267,0.0590649,-0.0663544
562,8.51682,5.16503,5.9266,2.32242,-0.052935,0.00429167,-0.00750944
563,71.2415,7.4667,-7.18269,-3.44765,-0.0468226,-0.0919019,-0.0222133
564,47.2798,9.70759,3.26462,-8.28243,0.0513547,0.0741171,-0.0933452
565,90.3893,9.27859,-1.56563,-0.116069,-0.0209741,0.0927777,-0.0390177
566,4.04888,2.39737,4.6736,9.98225,0.0418536,0.0968568,-0.0046476
567,78.1079,-3.46136,-7.24602,7.595,0.084924,0.0932426,-0.083256
568,22.5828,-3.54444,-7.06045,-5.23654,-0.0591479,-0.0351554,-0.0326949
569,73.8546,5.76216,-4.29139,-1.77217,0.0132391,0.0560814,-0.0447708
570,17.6453,0.488808,-3.35856,5.10351,0.0496379,-0.0914299,-0.0528499
571,11.0363,9.45505,4.43886,-4.79473,-0.0796345,0.044178,0.0586988
572,67.6558,-0.644116,7.86906,8.54134,-0.0891861,0.057768,0.0846397
573,53.4967,1.03533,4.26751,-0.0198378,-0.0903207,-0.0272682,-0.00904767
574,11.107,-3.86649,3.19732,-4.36801,-0.0501408,-0.0243782,0.0815062
575,71.8703,-8.51543,1.49932,-9.62552,-0.0114988,0.0176223,-0.0803481
576,63.8373,9.14037,8.879,-6.89171,0.0082531,0.0542686,0.0173019
577,90.8609,0.467473,-1.34253,7.754,-0.0664168,0.0426775,0.034145
578,72.0692,6.73298,4.0942,0.69284,0.0805344,-0.0873373,0.0391298
579,79.4097,-2.59032,-7.48861,-6.13041,-0.0919404,0.0261049,-0.0122514
580,89.6908,-0.641231,2.31295,2.57943,0.0916116,0.0332751,-0.072029
581,53.0975,1.23565,-4.29866,2.39197,0.0585699,-0.0104799,0.0852554
582,24.323,0.4068,-3.10492,3.576,0.00992657,0.0880135,0.000346722
583,62.585,8.68241,6.91939,9.44284,-0.0216885,0.0260964,0.0357103
584,20.4611,-2.58928,-8.40998,-0.271729,-0.00627367,-0.00489076,-0.0960924
585,69.578,2.76003,-6.8042,1.62219,0.0501298,0.0671715,-0.0934854
586,31.0886,-5.36116,-9.9748,-9.66203,0.0868403,-0.0135344,0.0358698
587,81.0284,5.10821,-4.35844,-7.6556,-0.097309,-0.0850339,-0.0207701
588,45.936,7.68527,5.57403,4.56694,0.080038,0.00501263,0.0266166
589,70.4785,7.42958,-7.84149,-4.63704,0.0692987,0.0725982,0.0106301
590,86.3298,6.05157,7.88579,-1.24527,0.0668026,0.013949,0.0940287
591,18.6008,-4.60702,-1.60466,9.70553,-0.0135508,-0.00102108,-0.0823307
592,6.45961,-1.29733,-3.71674,-1.27612,-0.0740394,0.00427273,-0.0857646
593,34.5301,-4.59076,-4.77688,8.42123,-0.0918291,-0.0246546,-0.0619615
594,30.1511,-7.95052,9.17885,-8.55887,0.0687483,0.0729351,-0.0604594
595,36.4408,3.04963,5.70559,2.20815,0.0907513,0.0239122,0.0926681
596,29.6425,-0.941008,-8.16386,4.36925,0.0405427,-0.0958287,-0.0135005
597,9.88642,-2.42861,2.12006,-0.551598,0.0620683,-0.0978555,0.0223797
598,52.8283,-2.43477,-4.07089,7.18174,0.0808885,0.0750676,-0.0714635
599,10.9273,-6.47268,6.31392,-7.79324,-0.0593255,-0.0958967,0.031954
600,4.74735,1.56265,-8.05505,-4.48086,0.0715162,0.0135826,0.0808494
601,60.2434,0.477284,-2.25842,-9.75854,0.0234463,-0.0318072,0.0699709
602,6.58032,-1.69343,7.61313,-8.88665,-0.0703731,0.031399,-0.0689048
603,26.8515,9.53094,-2.23852,2.44545,-0.0830351,-0.0161634,0.0910317
604,19.366,2.28222,2.16227,2.53711,-0.0376238,0.0578578,-0.0155419
605,16.0913,-7.2132,-3.09727,-8.52183,0.0210072,-0.0190312,-0.0877947
606,16.1977,-8.7853,-1.72877,1.84413,-0.00204718,0.0493798,0.0326303
607,57.5137,-6.7729,3.59649,9.42494,-0.0189724,0.0938762,0.0822754
608,78.0734,-3.14137,-8.82501,-7.98259,0.0949299,0.018018,-0.064358
609,39.8633,-2.70574,0.519463,2.63639,-0.0720101,-0.0977817,0.0261134
610,52.3669,1.69624,9.20257,-7.14145,0.0799676,0.0306882,-0.0549859
611,60.663,4.64104,3.00617,1.53274,0.0836438,-0.0385736,-0.0189807
612,31.1232,-0.0143023,0.37322,0.532198,-0.0450414,0.0394827,-0.0769714
613,63.9432,-0.842603,7.55013,-5.13568,-0.0772947,-0.0444153,-0.0984793
614,71.833,-1.51132,-2.97913,2.28295,0.00447616,0.0221469,0.0974259
615,55.494,-6.49535,-3.08183,-4.3288,0.0429528,-0.00873525,-0.0291838
616,64.9148,6.5913,4.9031,1.194,-0.0737309,0.0232237,0.0436599
617,7.47492,-3.4441,-0.930249,-2.41965,-0.0290519,0.0616291,0.0541897
618,39.3159,-8.61631,-0.545036,-9.27284,0.0369677,0.0227348,-0.0422963
619,18.9867,8.34526,-5.15763,-6.70989,0.00620288,-0.0265104,-0.020569
620,63.2917,3.14133,-2.77894,8.58844,-0.0949619,0.0262036,-0.0632097
621,18.5982,1.78606,-5.0481,-6.12336,0.00121963,-0.0472811,0.0268991
622,70.7764,-0.611001,-8.93298,0.616257,-0.008249,-0.0392568,0.0320684
623,21.5636,1.33476,8.35499,7.31265,-0.0700285,0.0200868,-0.0589526
624,82.1839,-5.76056,-6.96692,-7.55197,-0.0869992,-0.0939608,0.0221906
625,91.7801,-1.28201,7.70577,2.32809,-0.0983767,0.0749467,0.00569421
626,98.8055,-5.25913,-8.31078,6.43387,-0.0695167,-0.0567992,0.0771699
627,35.822,4.35013,4.14176,2.49616,0.0915793,-0.0970009,-0.0139212
628,67.4235,-2.1856,3.32993,-2.07114,-0.0537019,-0.0441716,0.033369
629,28.2195,8.49852,5.06923,-5.2147,0.0622704,0.0462658,-0.0334897
630,30.7003,7.25603,-3.66934,-8.57684,0.0865551,0.0951692,0.0335066
631,68.362,6.78097,-9.74915,1.86484,-0.0203311,-0.0231829,-0.0356632
632,48.2263,4.71991,9.46092,2.64942,0.086875,-0.0267228,0.0481549
633,77.6763,-9.6653,8.99949,-7.48945,0.0737293,0.0276755,0.00284666
634,66.2422,1.12254,1.30983,-7.17451,-0.00066125,-0.00755425,-0.0711484
635,1.73944,-2.16284,1.56886,1.90328,-0.0162933,0.0571583,-0.0257356
636,22.5883,5.85103,-8.52885,6.95782,-0.0586834,0.0669913,-0.0253848
637,82.1908,-5.78824,-4.75533,-0.665,0.0533559,0.0386454,-0.0761694
638,32.5806,-0.541266,0.155761,5.0512,0.0583405,-0.0480308,-0.0784433
639,26.3716,-8.50303,7.37727,-5.43106,-0.000777391,-0.0544597,0.0917531
640,18.1876,-8.12635,9.10751,2.26386,0.0277268,0.0371151,-0.0996567
641,97.8164,-8.71141,-7.49607,5.3589,0.0290093,-0.0647892,-0.0389239
642,64.2506,-5.78004,-0.893275,-0.608128,0.0916561,-0.071447,-0.0159524
643,60.1094,4.56569,8.99357,6.56083,0.0383187,-0.0420265,-0.0717747
644,6.59695,-8.3878,7.33767,-0.83458,0.0538939,0.0404332,0.0794628
645,21.4391,3.70005,6.41361,-2.59708,-0.0800609,-0.0938345,-0.0422978
646,96.9497,-4.98596,1.77728,-2.9634,-0.0422421,-0.0291334,-0.00220537
647,22.4482,-9.09792,1.57233,-3.26394,0.0407394,0.0207671,0.00750236
648,67.7694,6.31531,-4.3014,-5.2179,-0.0219921,0.0416134,-0.0365929
649,29.5936,-0.0771544,-7.64305,-0.314897,0.0565419,0.0684095,0.0676128
650,89.0933,0.229308,-9.86972,8.46155,0.0833513,0.0213044,0.00116565
651,52.5252,4.62271,8.58772,-2.62385,-0.0949806,0.0499566,0.0452452
652,71.3535,-3.5262,-2.95292,2.89811,-0.0599728,0.0425432,0.0282616
653,72.6273,1.73233,6.63002,5.82204,-0.0483551,-0.0201855,-0.0352011
654,61.8058,4.31352,6.51088,1.20678,-0.0361963,0.0469672,0.0799876
655,75.2903,2.75516,2.44148,-6.36753,-0.0661923,-0.0999051,0.066085
656,33.2258,7.12016,-2.57105,2.00421,-0.0471183,0.0719957,-0.0676505
657,83.4222,-7.25256,-4.89418,-6.94458,-0.0343117,-0.0206039,0.0954472
658,62.4621,-7.35284,-6.19216,-4.66985,0.0944194,0.0889063,-0.0892734
659,59.4372,9.11577,-7.68718,1.04206,-0.0301904,-0.0320391,-0.0395934
660,42.1946,-0.15426,-5.60277,1.67474,0.0437343,-0.0672962,-0.0945975
661,45.1348,7.23984,-3.78315,2.32014,0.0979748,-0.0727689,-0.0623987
662,23.2753,-4.56554,-8.15692,-4.70796,-0.0217586,0.00117637,-0.0432983
663,98.3849,6.49964,-3.71434,0.431795,-0.0956982,0.0427218,0.0660722
664,68.1375,6.28633,-3.87973,-8.46159,-0.0316614,0.0478647,0.083012
665,31.4699,-2.63999,-0.957122,2.97797,0.0478498,0.0230838,0.00902888
666,64.4643,1.28501,3.73405,-5.53722,-0.00627078,0.0401752,-0.0309085
667,52.4017,8.67742,5.72801,-9.6268,0.0167966,-0.0996982,-0.0421657
668,99.0194,9.30334,-0.975094,3.04037,0.0438139,0.0994999,0.0998126
669,64.2949,0.266647,-9.30603,-8.44936,-0.0552053,-0.0233452,0.0396908
670,22.2307,-0.644596,-1.26172,-3.98508,-0.0619354,-0.083352,-0.0923872
671,13.6016,-9.64751,-6.2803,-9.98243,-0.0819272,-0.0309408,0.0645594
672,31.2022,-8.1056,-3.68494,5.10985,-0.094018,-0.0950515,-0.084814
673,37.3045,9.58458,2.58663,4.33943,-0.0255491,-0.0525729,0.0261734
674,81.9114,-4.64301,-3.10218,-7.73354,-0.058058,-0.00368026,0.0520595
675,48.6278,-3.23637,8.10137,9.40069,-0.027227,-0.0620309,-0.088338
676,20.9548,-9.78343,2.37954,-2.85918,0.0325062,0.0156786,-0.00763135
677,98.5778,-9.52158,6.03016,6.49591,0.065317,-0.0422553,-0.07536
678,45.2253,8.18427,-5.99311,-8.20005,0.0927591,0.098303,0.0447459
679,49.4099,-0.0224617,-4.38461,0.0947393,0.0699873,0.0133347,0.0815853
680,99.7448,-9.6493,4.74709,3.43656,0.0371983,0.00298146,0.0851955
681,23.1403,-2.42453,-4.03262,-3.96412,-0.00847073,-0.0223671,-0.020257
682,95.7441,-6.9723,-1.14403,-0.503506,-0.0978122,-0.0966066,0.0571463
683,66.4792,9.61137,0.320906,2.25187,0.0588541,-0.078499,0.0100608
684,72.7269,-9.63968,-2.02391,-0.870329,0.049093,0.0239415,0.0438624
685,89.328,-8.69134,2.54707,3.72069,0.0667574,-0.0568817,-0.0903629
686,61.0159,9.22162,-1.56147,-8.60499,0.0494847,-0.041567,-0.0764757
687,47.6063,2.99491,7.98731,-8.95662,-0.0333331,0.0894187,-0.0456324
688,88.2696,6.15135,6.64872,2.69479,0.0217726,0.0842114,0.00207769
689,62.0108,-8.06958,0.144215,-2.78016,-0.049233,-0.0245648,-0.068848
690,28.8591,-1.96311,-9.3173,-2.51575,0.0580847,-0.0317625,0.0783482
691,26.8463,-8.33635,-7.61359,7.77675,-0.0259801,0.076526,0.0176425
692,10.2427,6.20055,-4.98235,4.37496,0.033916,-0.0149852,0.0813356
693,18.9315,1.50909,-9.9224,7.932,-0.0263437,-0.0624785,-0.0589997
694,17.4902,-6.30234,-2.72968,7.23413,0.0143739,0.0766634,0.00045189
695,92.1036,8.51269,2.2715,-0.94561,0.0979559,-0.0447169,0.0511809
696,90.2767,1.04289,1.11689,2.86501,-0.0797601,0.0544036,0.0278022
697,64.1684,6.4311,-2.91686,5.50518,-0.0503769,-0.0715803,0.0983066
698,81.4379,-8.2088,-1.58292,0.533994,0.0716551,0.096619,0.0632979
699,89.4944,8.32663,-2.79961,-0.473949,-0.0372822,-0.073303,0.068979
700,70.8092,3.27891,6.44562,5.00554,0.0280054,0.018131,-0.00941535
701,40.6044,-7.21734,-6.95799,4.72942,-0.00131264,0.0629714,-0.0345584
702,22.9051,1.92094,-9.81614,8.30906,-0.00886981,-0.0786856,-0.0218094
703,4.25559,7.60681,2.0151,-0.365372,-0.0906276,-0.0655945,-0.0910954
704,13.7204,3.11907,-5.04198,-2.14154,-0.0537152,-0.0539548,-0.0220166
705,34.4495,-6.76323,0.811699,-9.00353,0.0946377,-0.0158517,0.0427931
706,89.0425,-4.92661,-4.19431,-2.20352,0.0491369,0.0804029,0.065647
707,59.6741,-4.98667,7.69533,4.53382,-0.0273538,-0.0218318,0.0945613
708,18.144,-5.20911,-2.84298,3.76247,0.0189787,0.00447389,0.0789027
709,60.9302,-4.17996,-9.60655,3.75731,0.0223843,0.0708892,0.0838126
710,70.9065,-0.6759,-5.02645,2.083,-0.00393499,0.00258673,0.0748052
711,45.9213,1.52644,4.96749,8.09929,-0.0518795,0.0295505,0.0492642
712,94.7491,-8.34355,-6.17649,-6.04223,0.0599206,-0.0654475,-0.0355266
713,90.617,2.24606,7.86575,-6.46341,0.0602366,0.0960403,0.0937082
714,86.4167,-3.63433,-3.10322,-2.97825,0.0948454,-0.052338,-0.0282928
715,49.1869,1.42056,-9.65133,-7.5627,0.0630952,0.0898059,0.0488847
716,3.34018,-1.87688,8.06949,3.91957,-0.0610361,0.0300958,0.03642
717,30.4943,6.48675,3.76856,7.30275,-0.00564332,-0.015137,0.067403
718,67.9063,-0.259187,5.27506,8.5736,-0.0982207,0.0448315,0.0592421
719,61.3492,-4.06019,6.66093,-5.24568,-0.0813959,-0.0576049,-0.0426442
720,95.3724,-1.48922,-8.54602,-9.21884,-0.000792417,0.0891384,-0.0840015
721,47.8744,3.9584,4.10188,4.46333,-0.082926,0.0477093,0.0077137
722,99.4966,-6.2956,-2.41626,1.20162,0.0567414,0.0145522,0.0994779
723,56.779,-3.99519,-8.36719,-7.51906,0.0110888,-0.0754401,-0.0701868
724,25.5409,-8.75553,-9.49238,-9.52511,-0.0191898,-0.0346053,-0.0743766
725,33.9373,3.39055,-7.30269,9.62149,0.0927611,-0.0171165,-0.0853543
726,16.8942,7.9545,-1.80306,6.4941,-0.0103359,-0.013519,-0.0145145
727,37.8385,3.65126,-5.40858,-2.45402,-0.0951488,-0.0679387,-0.0523713
728,40.3502,-0.16548,4.45146,6.89718,0.0920616,0.00771779,-0.0511134
729,44.5246,2.88652,-8.74001,5.77137,-0.0350231,0.019662,-0.076572
730,30.4089,-3.0617,-9.56715,-9.63517,0.0685633,0.0165561,-0.0890468
731,32.6939,8.95087,2.23066,-9.60143,-0.00475588,-0.0902391,-0.0361358
732,56.9204,-6.84616,1.26449,1.07102,0.0322218,-0.0742525,-0.0615098
733,69.7898,7.63141,-8.7502,-7.26354,-0.00247702,-0.078243,0.0513963
734,47.8877,-9.12914,8.81263,-5.12384,0.0945064,0.0692643,-0.0980902
735,58.7469,3.86909,6.00845,-5.13042,0.0946528,0.0846398,-0.0370076
736,16.2861,9.75627,-9.0757,-3.21419,-0.0541467,0.099814,0.0197581
737,48.7295,-9.36097,5.67361,-1.67005,0.036428,0.0077883,0.0843121
738,99.3431,8.061,1.67561,-9.84905,-0.000831376,0.0185307,0.0638363
739,81.4167,-6.83293,3.59787,-6.80614,-0.0276868,0.0641763,0.0425236
740,43.4364,-4.83021,7.87456,5.36734,-0.0918614,-0.0636954,0.0965282
741,59.4187,3.646,-0.610955,-3.06129,0.0935297,-0.0081727,-0.012135
742,31.6535,9.89614,-1.88258,-3.18113,-0.0494836,-0.0143189,-0.042574
743,52.7515,1.3613,-2.65395,3.75235,0.0537361,0.014888,0.0857021
744,85.6615,4.21382,3.2336,8.33881,0.0813745,0.0270998,-0.0364492
745,42.0016,8.59316,3.43765,-8.80202,0.0239751,0.0623893,-0.0731529
746,97.5349,-0.0357668,9.77801,-8.44314,0.0694339,-0.0201716,-0.0583177
747,96.1707,7.33531,-8.11094,1.1449,0.0850112,0.0859051,-0.0691988
748,33.1307,3.3683,6.51675,-6.64869,-0.00541305,-0.0060368,0.0327231
749,43.1879,-2.55145,-8.1172,-7.88844,-0.00369024,-0.0283423,-0.0683661
750,26.3885,0.62156,-9.96935,-9.09751,0.0299137,0.0286862,0.0648981
751,2.83894,-5.93816,-0.72994,-3.97356,-0.0624739,0.0191462,-0.0173386
752,87.0075,-1.17566,-3.64044,2.14704,-0.0816706,0.0672112,-0.0296603
753,34.5878,6.23907,3.13414,1.47252,0.0397853,0.000560917,-0.0218355
754,93.8865,9.28207,-4.89538,4.66102,0.0711261,0.0885919,-0.0883403
755,17.7845,-3.95693,-4.60501,-1.15936,-0.013464,0.0310385,0.067814
756,98.8756,-5.37545,-9.74744,-3.4495,0.0266547,0.0993825,-0.0388541
757,92.1612,-3.38034,-0.388923,-7.22304,-0.0341203,0.0870171,-0.0080107
758,34.2932,3.66766,-1.11236,-9.98765,0.000175235,0.0820157,0.0696561
759,82.5972,8.13169,2.951,8.00154,0.0109394,-0.0946516,-0.0693953
760,31.6693,-2.69374,9.73943,9.2197,-0.0872428,0.0392956,-0.0884862
761,10.6481,-2.64034,6.28816,1.81005,-0.0355267,-0.0772134,0.0273653
762,91.2957,2.92699,0.553696,2.54346,-0.0896869,-0.0550033,-0.0704647
763,74.6991,9.28164,7.11022,5.74332,0.0771876,0.0497538,-0.000994789
764,93.7929,-0.301008,-2.48477,-1.67093,-0.064917,-0.0615231,-0.0327184
765,8.6064,8.40406,6.76238,-0.664824,-0.0039103,-0.0724438,-0.0122308
766,73.0544,-8.6358,-9.94983,6.29138,-0.0455846,0.0496004,-0.0430347
767,89.2848,-2.06671,-2.29106,6.12337,-0.0655115,-0.0319143,0.0436975
768,76.3851,2.30008,-1.22617,0.12514,-0.0524088,0.090649,-0.0913439
769,42.5039,-7.9179,2.46766,3.74804,0.0159178,0.0655609,-0.0056353
770,17.4758,-0.494313,-5.61939,8.3008,-0.0360269,-0.0491723,-0.0148368
771,82.3392,8.48149,8.97794,-3.33899,0.0731884,-0.0337818,-0.080201
772,65.5978,7.96931,-2.98294,-9.15717,-0.00499713,0.0814378,0.0922898
773,90.7396,2.03168,8.07606,-8.27004,-0.035167,0.0405474,-0.0898218
774,89.9963,-6.63986,8.97707,-1.12244,-0.0615639,0.0127132,0.00382746
775,78.7326,8.80662,-4.01232,0.40074,-0.0158591,0.0794393,0.0840369
776,62.2439,-3.76341,-5.77277,-1.11579,-0.0968793,0.0403592,-0.0744401
777,93.8171,7.98229,8.60337,-7.04561,0.0313894,0.0364911,-0.058768
778,18.8329,-6.44948,-5.19784,5.69864,0.0443726,0.000366226,-0.0547247
779,11.3261,3.73271,-1.35672,-1.58501,0.00722942,0.0235016,0.0905617
780,98.7388,-3.56388,4.57543,9.50464,-0.0100921,-0.0634898,-0.0553918
781,6.8874,-3.34112,-2.79157,1.42213,0.0903619,0.0509552,-0.0997257
782,11.3573,-7.69086,-2.8934,4.98423,0.0763696,0.0404248,-0.0246896
783,96.8231,0.74216,-1.73849,2.34297,0.0870988,0.0744597,-0.0305363
784,18.0481,7.29894,-2.42933,3.29394,0.0713338,-0.022277,-0.0255227
785,39.6065,6.14958,6.60758,-8.35325,-0.00880715,0.0630859,0.090938
786,69.3136,-4.08676,2.01261,2.11289,-0.0726261,0.012701,0.00604802
787,67.5806,7.14038,-5.80928,2.84507,-0.0900984,-0.0204945,-0.0124471
788,76.7886,-7.45564,7.77954,-4.08851,0.0495214,0.0230582,0.0655534
789,46.9079,9.63755,-2.59342,-9.21792,-0.0771355,0.0349716,-0.0902605
790,36.8046,-5.86212,-0.641207,4.5869,0.0584089,-0.057577,-0.0212021
791,89.6447,-3.34531,5.56997,-0.888349,-0.0254317,0.0427833,-0.0937236
792,19.8735,-0.669285,6.42281,6.46461,-0.0686363,-0.0602815,0.0309996
793,35.9205,6.17985,-7.57048,-4.40177,-0.066541,0.0119053,-0.0466163
794,19.1093,-6.57821,9.15582,2.30752,-0.0701387,0.0503877,-0.0464708
795,93.032,-0.159552,-5.50302,6.89751,0.0816497,0.0156703,0.0818857
796,10.7298,0.321087,9.90297,-0.895262,0.0951069,-0.0974574,-0.0935434
797,5.40721,5.03709,7.89457,-0.314626,0.0133817,0.0170992,0.022385
798,12.4137,1.37774,8.96808,-7.06843,0.0916192,-0.0891885,-0.0191431
799,88.7668,9.95791,8.8314,3.22943,-0.0837278,-0.0404737,0.0776284
800,22.3853,-2.36354,-0.672352,-5.73402,0.0186187,0.0490513,-0.0809771
801,57.6317,1.14006,-9.49382,3.7465,-0.0594255,0.0871874,-0.0786857
802,71.2406,-2.66986,-9.90361,-9.99085,-0.0979012,0.0315944,-0.00982621
803,49.15,7.75392,-7.14422,-5.72189,0.0438857,0.0989313,0.001234
804,58.1906,-2.47253,-4.91122,-3.23572,-0.0663907,-0.0100716,-0.0744792
805,24.8153,-9.31937,4.60262,-6.91141,0.0717219,-0.0761401,0.0790763
806,68.459,7.86145,-6.86033,-7.85315,0.0303144,-0.0717706,0.0280164
807,27.047,5.49739,-9.94422,4.69461,-0.0678151,0.0391527,-0.0525778
808,39.3241,-4.99822,5.07726,3.80297,0.0746368,0.071463,0.0173572
809,70.0572,3.63462,5.97244,-7.53034,-0.0594102,-0.0256814,-0.0613082
810,7.2493,6.17329,4.87154,7.74151,0.0342718,0.0298425,0.016143
811,11.5946,6.17021,6.68251,-5.91736,0.0815178,-0.0597959,-0.0272959
812,30.9526,9.77542,-9.47026,-1.99598,-0.0387723,-0.097201,-0.0387379
813,23.2358,-4.75187,8.48535,-5.42358,-0.000383571,-0.0456633,-0.042692
814,30.8679,4.63815,-4.03942,-9.08832,0.0698382,-0.0198223,-0.00129575
815,99.2093,-3.0328,-6.40002,6.06492,-0.0554946,0.0948416,2.97393e-05
816,20.0206,3.79802,0.969675,1.4819,0.0664532,-0.0503971,0.00589654
817,4.85641,9.04724,3.6967,0.245941,-0.0893394,-0.0770817,-0.0265356
818,66.0508,8.39319,7.02129,2.59699,-0.0649215,0.039769,0.0270202
819,88.1693,1.11387,2.53331,0.202267,0.0696833,0.0231908,0.00993048
820,29.4125,4.83559,-0.655092,-7.92671,0.0463395,-0.0712217,0.0745998
821,9.59785,-9.57487,-4.68948,3.59209,-0.0779771,-0.0746237,-0.0783789
822,98.6616,-9.81486,4.54192,8.85887,-0.0332903,0.0329883,0.081787
823,20.115,5.44718,-0.520898,-0.110203,-0.0634618,0.0548284,0.0846728
824,21.877,-0.0804082,9.25856,1.11951,-0.0816327,0.0343704,-0.0499206
825,3.75728,-6.5451,0.334316,-2.68886,0.0434139,-0.0154077,0.0406441
826,85.2641,-8.56178,3.58481,-5.14381,0.0634855,-0.00761937,0.0959313
827,39.0514,0.881952,6.94687,-0.694334,-0.0588188,0.0474787,0.0665287
828,83.0922,-8.57673,6.4768,8.85019,0.0804931,0.0353234,-0.00789993
829,81.5206,-8.28036,-8.32875,0.0147456,-0.0280205,0.030991,0.0566359
830,85.0518,-7.71797,9.5239,9.56339,-0.0319961,0.00699108,0.0883412
831,55.6223,-7.94409,-2.94677,-0.688851,-0.0210422,0.0835173,-0.0188325
832,42.138,-4.16912,-1.5135,3.03295,0.0841936,0.0730352,-0.037645
833,78.2993,-3.46596,6.23896,-1.14069,0.0118316,-0.0544951,0.00844006
834,88.3944,-8.89057,-1.78644,-1.70207,0.0251832,0.0609696,-0.00589813
835,99.2473,9.06673,-4.17948,0.348481,-0.0697824,0.0374504,0.0854143
836,51.1101,-6.74198,4.48309,0.438091,-0.0444927,-0.0136222,0.0724041
837,22.7011,9.88408,-7.11223,-5.0354,-0.0690906,0.0884724,0.0466146
838,46.4732,7.48142,-5.20658,8.00658,0.0427664,-0.0983225,0.0957013
839,70.8895,-3.25759,-9.86637,-1.18761,0.00191414,-0.0300861,0.0376742
840,15.4719,3.06251,7.67685,-4.78513,0.0335504,0.0198551,-0.0771447
841,90.905,1.68425,8.26237,7.86555,-0.099545,0.0752701,0.0158267
842,9.78073,-0.303115,-0.42589,0.698574,-0.0679089,0.0804711,-0.0286912
843,62.6391,9.66817,-9.71279,-0.345021,0.0961743,-0.0297838,0.0662306
844,60.9077,-1.55614,4.49277,-1.30261,-0.09357,-0.0990272,-0.0331065
845,62.4712,-7.22447,9.02806,-2.32204,0.00233701,0.0435713,0.0845276
846,82.1645,3.02984,-6.51017,-1.23175,-0.0391651,0.0268249,0.0911342
847,77.4711,2.35428,-8.84576,-6.01879,0.0603335,0.03938,0.0500199
848,66.4115,6.50969,-9.23366,-2.49668,0.089748,0.0968905,0.0896478
849,63.0729,2.92673,2.44629,-0.429951,0.0938323,0.00487979,0.0978221
850,43.4567,5.21059,-5.78075,2.2604,-0.00550619,-0.00196573,0.0439029
851,25.9458,-0.0258059,-7.67836,-6.8029,-0.0859057,0.0243743,0.0263558
852,95.6821,4.51675,2.82187,2.24127,-0.0797818,-0.0700718,0.0738491
853,99.9564,-2.96821,7.9149,5.0597,-0.0274145,0.0317514,0.0667767
854,29.2249,5.35969,-8.0172,-4.42802,0.0135799,-0.0679651,-0.0423221
855,8.76928,-6.40017,-1.34269,3.66133,0.0431585,-0.0430271,0.0512985
856,34.5072,-6.26379,-4.50113,8.36413,0.0211338,-0.0521509,-0.0702804
857,11.2692,-4.11234,-6.06755,-5.16603,0.06769,0.0598931,-0.0658154
858,72.5276,-8.51415,9.98534,-8.35288,-0.0280384,0.047004,-0.0338259
859,97.8766,-9.15215,0.272034,1.82567,0.0293612,-0.0357492,-0.0805958
860,22.4797,-9.91017,3.72873,-0.677631,-0.0630985,-0.0179874,0.0244869
861,80.2117,-3.20015,1.80892,3.24313,0.000648644,-0.0222195,-0.0737807
862,29.3089,-0.636029,-6.7856,9.18169,0.0394526,-0.0883593,0.040024
863,42.8428,-3.72279,-6.56995,4.88047,-0.0417737,0.0690859,0.0278014
864,18.7891,-4.54246,-3.68772,-0.0740888,0.0530886,0.0312232,0.0506961
865,69.4581,0.0625815,-4.98382,8.35396,0.0501917,-0.011303,0.0811832
866,67.051,-3.18487,-4.80942,-2.06507,-0.0384571,-0.0857224,-0.0216722
867,69.0631,1.3131,2.29777,0.53101,0.0497,0.0593089,0.0364119
868,6.31681,-4.31623,6.32342,-4.47585,0.095839,-0.0196079,-0.0431206
869,70.7923,5.36871,-2.70435,6.14118,-0.0829763,0.0354263,0.0317138
870,13.7877,-5.41639,9.14959,7.88428,-0.00908547,-0.0427847,0.0942434
871,94.0594,0.649796,1.12445,4.95631,-0.0887024,0.0288765,-0.00289477
872,9.21976,2.87507,6.73682,2.42698,0.0990922,-0.0354332,0.00271973
873,57.6406,-9.40301,-8.47028,-5.41646,0.051075,0.0304649,-0.0113683
874,56.5611,1.99039,-6.19507,-7.05151,0.0242334,0.0556842,-0.00411101
875,70.2208,9.89178,-0.300745,5.50549,-0.00537763,-0.097642,-0.0235231
876,8.81373,-2.03381,9.22896,-0.524894,-0.0545416,-0.0214835,0.0494027
877,37.2791,-1.36303,-6.39845,-6.91567,-0.0392021,0.058861,-0.059409
878,86.4038,5.49082,-8.48153,-8.33193,0.0257269,0.0693573,0.061035
879,36.7591,-9.60708,5.59026,-8.89825,0.0570177,0.08771,-0.0486031
880,25.5903,1.22498,7.14103,-3.75999,-0.0378898,-0.0890844,0.0973213
881,83.8358,-7.34514,2.13459,-5.3518,-0.0858058,0.0359871,-0.0610259
882,2.87578,6.25005,9.0376,-2.51942,0.0275349,-0.0811196,-0.0485681
883,93.3244,-1.17601,5.79262,-1.20819,0.0618126,-0.0961078,-0.0481397
884,31.0788,3.58862,-4.22605,8.94353,-0.0510324,-0.0191651,-0.0770842
885,51.7089,-8.3767,9.16761,-7.5901,-0.0747607,0.061932,0.0129793
886,68.3371,-2.87792,-3.43733,-5.02971,0.0401299,-0.0011433,-0.0507024
887,60.4631,-5.06031,7.85477,0.302046,-0.0491351,-0.0994387,0.0117452
888,66.0457,0.728236,-9.725,-4.03186,0.000961195,0.026816,0.0921505
889,76.9227,4.31281,1.15966,-8.25505,-0.0107117,0.0213577,0.0444371
890,94.8277,-4.64692,-5.55362,3.37077,-0.0181723,0.0905689,0.0612221
891,35.8422,6.8959,5.7535,1.49378,0.00966773,-0.0304505,-0.0508876
892,94.7574,6.38783,-0.532838,5.58417,-0.0678125,0.0964869,0.0896531
893,70.535,-3.92844,9.12269,-0.565416,-0.0840014,-0.0167176,0.0193905
894,53.1121,-5.39103,7.95534,4.72663,0.0544317,-0.0508131,-0.0646276
895,32.6226,-7.92825,-8.97633,-3.87111,0.0242282,0.093989,0.0532321
896,10.8946,9.14204,-8.26789,4.38224,0.0322484,0.0705102,-0.0386249
897,86.9552,5.37992,1.18848,-6.75421,0.0537942,0.00137129,-0.0870027
898,15.5209,2.47057,6.30344,7.98287,0.0330554,0.032652,0.0405622
899,68.2735,-6.19994,8.8592,6.30033,-0.0870925,0.000942985,-0.0733927
900,80.5607,2.74157,5.06462,-8.70761,0.0179261,-0.0693348,-0.00206328
901,46.5094,3.32071,-6.55812,-5.12978,0.0696012,-0.0437456,-0.0368592
902,22.7262,0.0658677,-2.9024,8.29315,0.00118888,0.0502773,-0.0566217
903,96.7714,3.76697,1.13263,3.47021,0.0147376,0.063383,0.00902915
904,1.78746,1.59578,-9.57175,6.29131,-0.0938746,-0.00383275,-0.0570948
905,42.7642,-6.08997,-6.11747,-2.32891,-0.0479475,-0.00831357,0.083091
906,43.4051,-2.9367,4.2314,9.65063,0.0523091,0.0489682,-0.051767
907,98.0877,2.75368,6.83547,-6.05858,-0.0720633,0.04838,0.0822653
908,6.28164,1.94296,-9.06056,7.46774,-0.0418853,0.0982411,-0.0165039
909,62.5287,4.74137,6.99447,2.85268,-0.0492738,-0.00356617,0.0374931
910,5.73697,-5.20656,-4.96318,5.76077,-0.0665112,-0.0954409,-0.0361368
911,92.8394,-5.49668,-3.83529,7.46454,0.0499719,-0.00207929,0.034856
912,67.9255,-5.79617,-3.8536,-8.17162,-0.00455575,-0.0938932,-0.03098
913,18.073,5.31407,1.96468,-1.38357,-0.0484314,0.0685149,0.0470145
914,13.4424,2.04129,2.95382,-2.92692,-0.0897939,0.0591322,0.0808001
915,66.066,-8.87703,-1.29662,5.24348,-0.072891,0.0556595,0.0249398
916,96.9364,-4.30028,9.27133,7.11173,-0.0420621,0.0490913,0.0810355
917,1.11825,-5.6082,6.74994,1.05133,-0.0814037,-0.0736575,-0.025993
918,97.5032,2.99961,4.52932,-9.64877,-0.0661248,0.0745988,0.0938139
919,19.8396,-8.62669,-0.926204,2.83446,0.0806851,0.000494136,0.0138571
920,75.728,4.959,3.02275,-3.48755,0.0400816,-0.0318931,0.0627605
921,46.3363,2.49831,-2.68306,-0.213763,0.0897234,0.00354811,-0.0409993
922,83.6222,-6.45514,-5.81656,9.51823,0.0148931,-0.00808084,-0.0519784
923,15.4813,0.347914,3.09838,7.98249,-0.0538608,0.0044293,0.080497
924,62.0406,3.09334,-8.68545,7.71749,-0.096104,0.0618964,-0.00530527
925,41.3895,7.80557,-4.66046,-7.68173,-0.0107842,0.0246035,-0.0132777
926,58.4554,2.41769,-6.97506,-4.86182,0.0343104,0.098968,0.0950602
927,96.097,-9.61263,7.18419,-3.31981,0.0936306,0.0115353,0.0506797
928,86.2022,6.8712,-5.74311,-5.93923,0.0884902,0.0188328,-0.0629683
929,61.5679,0.687324,-7.11351,-7.15037,0.0608656,0.0839846,-0.053397
930,15.5398,2.41064,-4.04435,-1.08282,0.0367668,0.026325,-0.0432098
931,49.294,-9.27,9.13178,-0.887866,-0.0312122,0.0725769,-0.0106315
932,46.5926,-3.08541,-6.45308,-4.00466,0.0244229,0.066545,0.0699962
933,28.0548,6.49839,8.49234,-6.97387,-0.0216521,0.0774071,-0.0570115
934,4.74788,-6.76775,1.08201,-2.42995,0.0784372,-0.0112962,-0.0363671
935,91.1227,4.01708,7.86471,4.90525,-0.0892211,0.0707627,-0.061985
936,47.9916,5.141,-1.24569,-7.37003,0.0771756,0.0101146,-0.0283749
937,25.5876,-5.37023,1.13333,-1.06984,0.0363344,-0.0304439,-0.0762002
938,20.3692,-1.67891,3.64199,8.42226,0.0422786,-0.0391423,-0.0718552
939,39.3,-8.58082,-7.27711,2.94789,-0.0155323,0.0657944,-0.0038289
940,55.0239,1.42347,8.0201,-6.13182,0.0666818,-0.0186053,0.0949458
941,34.6147,0.965519,4.54856,-3.80234,0.0371421,0.089296,0.00553104
942,65.1666,9.98393,7.70176,2.1722,0.0816046,-0.0371017,-0.0940724
943,50.9754,-5.41483,-1.33451,-9.04725,0.0764939,0.0495461,0.0574689
944,61.7296,-4.75323,-1.55198,2.58926,0.0155916,0.0249659,-0.0570773
945,84.6205,3.13212,1.76347,9.74409,-0.0277126,0.0939114,-0.0698794
946,81.1481,7.69706,3.3875,0.702304,-0.0891599,0.0832349,0.0478457
947,28.6027,6.29166,-1.04316,-3.12638,0.0718344,-0.00726019,0.0148201
948,6.55391,-3.25748,-7.04552,-6.2017,-0.0299201,0.0362898,0.099293
949,24.2746,-4.41632,-0.861701,-5.34298,0.045708,0.0701728,0.042657
950,5.00252,-0.414299,6.11302,4.67679,-0.0118714,0.0249047,-0.0168219
951,36.609,7.31377,-5.70839,5.89375,-0.0536501,-0.0149942,0.0539398
952,98.0364,-9.70375,-7.78315,1.55642,0.09857,0.0626726,0.0202182
953,82.0506,-3.22011,3.84125,6.42089,-0.0449704,0.00151072,-0.0566444
954,20.6975,5.25113,-3.5736,-1.20518,-0.00494051,0.0902993,0.0702135
955,70.9002,-1.11891,1.07497,-9.70737,-0.0132252,0.0104427,-0.0879548
956,91.8834,-5.85526,8.00746,-8.14618,-0.0228235,-0.0181927,-0.051813
957,55.0361,-1.88887,-4.7831,0.209962,0.0904864,0.00641259,-0.0996323
958,58.8527,3.69237,7.18047,-2.56535,0.00236816,-0.00288795,0.024804
959,16.8046,-8.67673,-8.04121,-8.43283,-0.0641868,-0.0993395,-0.0791471
960,36.3042,-6.27007,-4.12037,8.26973,-0.00110163,-0.0602266,0.0823344
961,80.3984,8.05992,2.06403,-7.83767,0.0144098,0.0289012,-0.0930595
962,15.3016,8.78847,1.63087,-7.49651,-0.091522,0.0425649,-0.0561788
963,39.4474,-6.35844,-6.46972,3.75453,0.0503838,-0.02987,-0.00445051
964,11.325,7.54526,-9.59322,6.79606,-0.0621915,0.0771204,-0.0311427
965,44.2903,5.47418,9.32615,9.65204,-0.0257705,0.0776917,-0.00637849
966,51.93,-8.04035,2.65299,8.42981,0.0478638,-0.00628629,-0.043428
967,91.4914,-8.96589,8.84013,-2.61083,-0.0407063,0.0922581,0.077565
968,39.5746,-3.23154,7.95256,-9.03156,0.0981609,-0.0767136,0.00243383
969,86.0444,-3.63149,-6.58716,-4.37929,0.0317818,-0.0736353,0.0106595
970,92.1768,-5.47931,9.51917,9.56914,-0.0752121,0.0697556,0.080319
971,53.1938,0.951557,6.48238,-1.35914,-0.0204888,0.0487065,0.0924697
972,77.7087,5.90892,-3.95593,-7.12031,-0.0534203,-0.0521805,0.0470482
973,34.4682,4.58867,7.20513,8.2627,-0.00655711,-0.0991597,-0.0410296
974,58.8575,-2.76524,1.94693,8.19875,0.0174508,0.00229513,0.017105
975,52.2185,-7.60074,4.2513,0.316442,0.0807557,-0.0535737,0.0938694
976,64.6475,5.55007,3.32094,-4.32536,-0.0895286,0.077866,-0.0279299
977,98.5668,-0.104535,-2.8674,-4.86909,-0.0949538,-0.0508465,-0.0828592
978,91.2738,-3.36464,1.18174,-9.87208,-0.091992,-0.0143347,-0.0221566
979,6.10092,-6.80036,9.82029,4.9503,-0.00170409,0.0986719,0.0918884
980,20.1775,-2.83566,3.29523,-6.72261,-0.00835994,0.0667681,-0.0926653
981,93.4247,8.11705,3.14368,5.62944,0.0532872,-0.0434653,-0.0850846
982,71.6937,7.61264,-3.75708,-8.90944,-0.0757688,0.0312255,0.0348348
983,81.0828,-7.12764,3.83563,1.57604,-0.0807766,0.0271152,-0.0221017
984,46.9288,-0.33177,-8.3148,3.87918,0.0958978,-0.0418216,0.0452301
985,25.0711,9.83439,9.90412,-2.30421,-0.0889841,-0.04449,-0.031232
986,42.4963,1.15805,-7.11561,9.53737,0.037317,-0.0617428,-0.0474157
987,29.0243,9.52433,-9.48326,7.8083,-0.0586084,-0.0171947,-0.0867221
988,58.2257,8.80726,6.55382,-1.55436,0.0106217,0.0503485,-0.0165974
989,31.7188,8.13953,0.216094,1.12381,-0.00705384,0.0956581,0.00551891
990,45.7757,9.36975,3.87288,-0.354167,-0.0762822,0.0198246,0.0391936
991,19.2855,-6.052,5.50099,1.71861,-0.00612257,-0.0384679,-0.0845396
992,11.3521,-0.214897,-5.00473,8.04709,0.0628224,0.0561851,-0.00868665
993,83.3615,7.49134,-4.56386,0.311786,-0.0282877,0.0733777,0.0350006
994,73.7427,1.91404,4.59073,7.00814,-0.00246566,-0.0448636,0.0408492
995,1.291,-7.8962,5.85999,8.61889,-0.0675563,-0.0778372,0.0787414
996,15.1955,-9.35395,3.90716,0.0163792,0.0795716,-0.0647493,0.0635593
997,95.3959,8.26367,-1.4059,-1.34371,0.0897599,-0.0969231,-0.0990114
998,40.9522,8.04781,8.92193,-0.195632,0.0782654,-0.0310622,-0.0666835
999,45.6868,-9.85393,-8.0096,-7.35909,-0.0114936,0.0747143,0.0050476
