id,mass,x,y,z,vx,vy,vz
0,17.8169,-9.51047,9.09776,-3.23515,-0.0789834,0.0331806,0.017023
1,26.2444,8.33073,2.56281,5.61149,0.0387395,-0.0903458,0.0646885
2,14.8031,-2.0595,0.470737,-8.78247,0.0768278,0.0310945,-0.0587309
3,55.6073,3.4153,-0.219856,-6.71764,-0.0289923,-0.0868349,0.0997084
4,25.648,-8.39918,-1.51819,-3.14274,-0.0297836,0.00240693,-0.0239508
5,59.823,7.21108,7.97968,-8.33749,-0.0335993,-0.0776563,0.0761348
6,26.7338,5.23202,-8.99517,-7.27772,-0.0747293,-0.0567262,0.0711106
7,11.1534,-5.1455,9.86917,4.66526,0.0845309,0.0555586,-0.0987868
8,12.604,-6.2715,-5.26511,0.444957,0.0252852,0.0304702,0.0540293
9,63.5865,-3.58389,-3.76491,-9.57241,0.0470203,0.095801,-0.0473042
10,18.7524,-8.22265,5.25895,6.16441,-0.0645398,-0.0626507,-0.0931187
11,11.2725,-3.1993,9.9272,0.587343,-0.0542019,-0.012163,-0.0927191
12,55.6657,5.85612,2.94064,-1.95951,0.0229453,0.0871746,-0.0154518
13,29.188,-0.590254,-5.333,9.49797,-0.0742982,0.040372,0.0992243
14,83.0788,2.30659,0.72184,-4.44259,-0.0471333,0.0457078,-0.0433923
15,81.3072,-9.16924,3.23583,8.55452,-0.0971912,-0.0520471,-0.0783716
16,41.1386,7.69235,-6.90411,-2.39952,-0.0179499,0.0223743,0.00276157
17,45.1902,8.50041,-3.36954,-8.20511,-0.0467583,0.00405992,0.0865496
18,83.5339,-4.70118,8.65652,2.6974,0.0057089,0.0587144,-0.0600683
19,47.9886,-9.45998,-2.18249,-8.96829,0.0545042,-0.0956916,0.0730199
20,69.7114,1.50634,-4.91269,-1.64747,0.0997991,0.0188813,0.09303
21,36.1196,5.62378,-1.57549,-5.26938,0.0317233,-0.0242933,-0.0686921
22,83.6025,6.08404,-7.0861,-9.84172,-0.0352289,0.00866469,-0.0955179
23,28.7713,3.55342,8.20976,2.72496,-0.0514808,-0.0946883,0.0148379
24,17.0629,2.87056,8.96135,-9.45208,0.0316297,0.0581856,-0.040064
25,17.5624,4.41441,-3.36855,-1.707,-0.035994,0.0253229,0.058528
26,88.7845,5.88618,-5.65601,-8.58155,-0.0863407,-0.0258527,0.0267815
27,82.2004,-8.66548,-6.59485,-1.81347,-0.0627739,-0.069953,0.0333757
28,81.3762,6.61937,-8.39751,0.449916,0.0778732,-0.035561,0.0393763
29,13.8624,-1.65913,1.7052,-9.63419,-0.0373043,0.0480728,0.0513165
30,45.8102,-3.84033,-3.80869,-5.04962,-0.0144578,0.0376934,0.0640375
31,55.7482,-4.566,-0.0451643,-0.643638,-0.034436,0.0307225,0.0844435
32,85.1997,2.92709,1.75369,-5.88862,-0.0232992,-0.0501654,-0.0802295
33,3.75731,6.10798,9.78502,9.28814,0.0749726,-0.0431666,0.0455753
34,57.3475,9.74705,-5.26647,4.27132,0.0300576,-0.0200724,-0.0899757
35,48.3868,-2.41756,-1.08579,-8.39012,0.0954275,0.0741472,-0.0369259
36,75.3567,9.40432,-6.48963,6.38387,-0.0472603,0.0611432,-0.0804101
37,24.4566,-3.49594,6.55799,-6.4665,-0.0962038,-0.0952223,0.0435341
38,72.1775,8.54364,-6.47889,3.3736,-0.0165942,0.0926836,0.00157779
39,72.7945,5.55831,-7.71086,9.88022,0.00463225,-0.0468162,0.0750656
40,47.1887,1.52589,7.77339,6.345,-0.0468841,0.0524435,-0.068302
41,46.622,5.6049,8.40426,-4.27734,0.0542062,0.00199314,0.0564604
42,15.5974,-7.69776,8.32748,-4.08509,-0.0864316,0.0643057,-0.0774778
43,88.8036,2.27918,0.630621,6.25163,-0.0626076,-0.0142598,0.0541598
44,23.7952,0.843849,2.81726,-0.944935,-0.0499908,0.0158446,0.07565
45,81.5586,-7.35023,-5.43867,-1.2641,-0.081827,0.0437239,0.0412072
46,67.1399,9.25138,4.64501,7.19,-0.0781883,0.0323587,-0.0397911
47,13.4561,5.66189,9.5984,3.79832,0.0102432,0.0823544,0.0667091
48,59.8229,-7.98619,4.01155,2.04047,-0.00279362,0.0789504,0.0409703
49,66.3295,7.23322,4.25477,-4.57401,0.0437512,0.0713654,-0.0754961
50,4.01795,-0.148932,-8.05296,8.59564,-0.0770803,-0.0079654,0.0694112
51,71.0838,3.74598,4.79794,-2.39043,-0.0515262,-0.0944194,0.0414461
52,91.3414,4.54156,5.65974,-4.03409,-0.0687668,-0.0960031,0.0702123
53,67.8909,-9.08984,-7.64269,-7.64856,-0.0799536,0.0396343,-0.095225
54,84.6886,-3.11731,-5.84868,-5.9925,0.0114273,0.0726412,-0.0202019
55,88.7096,3.68701,6.36771,-8.68512,-0.02251,-0.0475403,0.020704
56,56.2343,-2.07672,5.60479,6.18933,-0.0619747,0.00700052,0.0298457
57,99.7507,-0.751842,4.17312,-4.69681,-0.0685787,-0.0703119,-0.0467485
58,30.3607,-8.32078,-0.843883,-7.59095,0.0431532,-0.0949824,-0.0378872
59,16.9789,0.558516,8.45392,5.74377,0.0517962,-0.0259863,-0.032563
60,84.6505,1.49033,-5.88308,6.46364,0.0899671,0.0561366,0.00228595
61,77.6091,-1.28789,-9.01036,7.12429,-0.00246794,0.0173427,-0.0640826
62,25.7602,-6.7712,-0.312009,1.81369,0.0262077,0.0425366,-0.0545048
63,67.6497,2.95082,-6.79339,-3.67503,-0.0387646,0.0100541,0.0907648
64,83.311,-8.81086,-7.61192,-3.99263,-0.0684991,0.00552315,-0.0702415
65,33.695,-7.56031,-5.92078,-6.65504,-0.0256352,-0.0847727,0.0540825
66,67.0575,-9.41454,-8.45541,4.98832,-0.0709166,-0.0907288,-0.0740564
67,86.2555,-7.32507,-6.63414,3.52311,0.0700296,-0.022607,-0.0511826
68,2.61738,5.06923,9.39769,-4.59116,0.0845213,-0.0352541,0.0547421
69,45.9573,2.5492,-1.47273,-4.91553,-0.0866123,0.04558,0.00882448
70,37.02,-5.66045,2.3635,-5.56295,-0.0303413,0.0635374,-0.097889
71,78.9023,-0.454532,-1.95028,-3.12917,0.0151581,0.0191629,-0.0877474
72,9.56018,5.9727,4.91669,-7.16281,0.000374099,-0.0811501,-0.0976862
73,88.1015,3.56488,-7.33174,-8.80026,-0.0784599,-0.0601513,-0.0717058
74,2.37753,8.5486,-1.65126,4.35453,0.077988,-0.0397313,-0.0270238
75,63.6747,-8.4216,7.78475,2.93025,-0.0879196,0.0135462,0.0547329
76,93.1652,-3.42327,-0.708339,4.05314,0.0511251,0.0861598,0.0774368
77,44.9416,-8.12258,6.17098,-0.598792,0.0868837,-0.0665715,-0.020355
78,20.8325,4.13908,-1.26531,4.68927,-0.0231299,-0.0913058,-0.0716804
79,2.24382,0.000882684,9.51553,0.903852,0.0654859,0.0970899,-0.00765409
80,42.8632,9.64723,7.59795,-6.41474,0.0457051,-0.00688869,-0.00637069
81,64.0201,2.51755,-9.65471,7.57385,0.0781425,0.0245994,0.0449421
82,30.9307,-0.273901,7.83732,7.92389,0.0464682,-0.0964139,0.0498228
83,80.8271,-9.63519,-7.54383,-6.61259,-0.0712688,-0.0432754,-0.0661445
84,34.3782,-4.41245,4.00985,7.93102,0.0981435,0.098638,-0.0114473
85,42.0867,-5.42906,9.19162,-1.36943,0.0776976,-0.0213467,0.0867384
86,76.9679,-9.39735,1.48453,5.13908,-0.0873516,-0.0580442,-0.0119422
87,14.8966,-5.19713,-8.76386,3.11514,0.0202524,0.0799569,-0.046891
88,45.9816,0.217545,4.38862,7.26072,-0.0493217,-0.0726856,0.0876232
89,72.6309,-9.61556,-0.761503,3.2642,-0.0634051,0.0502084,0.0289772
90,5.56048,-9.78526,-5.14104,-8.40949,-0.0249222,-0.0567448,-0.0773515
91,7.13105,8.30122,7.6864,0.393522,0.059914,-0.01731,0.0347352
92,69.8703,-7.15133,-9.70266,2.30464,-0.0029701,-0.0559296,-0.0231865
93,58.9623,-6.5746,-6.25366,-2.308,0.0861671,-0.0683461,-0.0624586
94,33.8366,-2.01493,-6.79721,7.33498,0.030847,-0.0720082,0.0578877
95,13.9501,2.3876,1.80008,-4.23103,0.0437025,0.00681079,-0.026313
96,67.706,4.71366,-0.969568,6.12755,-0.0793575,0.0571325,0.0650099
97,33.36,-6.02358,7.09643,6.84507,0.0765797,-0.092297,0.0397007
98,61.2034,-0.130277,5.08842,7.09618,0.0312164,0.0724586,0.0604575
99,98.8246,-4.23647,2.76596,6.69239,0.082365,0.0500097,0.00778612
100,34.2687,-0.744072,0.972825,8.5494,-0.0870465,0.0911953,0.0232268
101,74.4941,-6.62336,-4.08315,-9.49767,-0.0785514,0.0411079,0.008533
102,82.2894,-3.31751,5.23177,-5.79089,0.0810501,0.0492883,0.0792752
103,89.6548,5.5679,1.42183,-7.99805,0.014037,-0.0115825,0.0697652
104,37.1768,7.38381,6.67592,-7.42201,0.0904703,0.0391997,-0.0409238
105,16.4826,-3.7076,-3.11647,-6.24994,0.0339326,-0.015864,-0.0444539
106,1.95454,-4.86494,6.53389,0.927954,-0.0583257,0.0315241,-0.00285362
107,25.2594,9.6651,6.91575,3.4154,0.0102439,-0.0603122,-0.0493902
108,84.3643,-5.31683,2.60805,1.45756,0.0157938,-0.012647,-0.0521796
109,54.3269,2.61742,-6.021,-1.69249,0.0615359,0.0632523,0.0869082
110,65.399,0.20219,-6.859,-0.741646,-0.057152,0.00834262,-0.036251
111,39.052,-7.87505,5.23981,-8.71699,-0.0522922,0.00642417,-0.0284693
112,29.4839,6.03452,8.85568,-4.78079,-0.091413,-0.0910909,0.0285771
113,46.6166,2.48727,1.3476,-5.14038,0.0281661,-0.0897148,0.0148632
114,72.3951,6.89277,3.65245,4.58362,-0.0286753,0.0947076,-0.0422854
115,83.8403,-2.33577,1.32353,2.90468,0.045821,-0.0302338,0.0933673
116,42.9498,0.327061,1.83268,2.81884,-0.0948119,-0.0791922,0.0558588
117,48.9814,0.0106746,-5.00842,-2.31686,-0.0515182,0.0522663,0.075699
118,56.6465,-1.38028,0.286702,-1.39248,0.0716605,-0.0270689,0.0190316
119,11.8031,-7.04611,7.13439,-2.17005,0.0755292,0.0250116,-0.0336218
120,89.1348,5.65054,-2.72046,-8.60778,0.0220662,-0.024061,-0.0370161
121,29.0321,-9.78444,-6.07046,2.63486,0.0357363,0.0168218,-0.0496243
122,88.635,1.67579,5.13656,-9.54194,-0.0158315,-0.0444091,0.0970478
123,42.342,1.6197,-5.82188,-7.67119,-0.0876144,-0.0150949,0.0990575
124,47.7421,4.3464,6.58126,6.88267,0.0157996,0.0619255,0.0513861
125,30.0461,-1.92352,-9.11274,2.33276,0.0644433,-0.0858501,0.0949085
126,55.4544,7.75866,7.86024,-6.19967,-0.0142054,-0.0649692,0.0445414
127,71.6885,-5.28549,-0.561067,-0.578614,0.0768505,0.0126644,-0.0606244
128,98.7024,-0.508631,-4.8833,-9.91207,0.0433348,0.0276926,0.0889578
129,19.672,4.97498,2.7919,7.54598,-0.0394646,0.0113651,0.00317898
130,23.2616,1.80276,-8.43426,7.37847,0.0858276,0.0483015,-0.0817341
131,54.4284,4.37784,2.08404,-7.42097,-0.0845885,-0.0783719,-0.0335548
132,21.7903,8.53607,0.785233,-9.55752,0.068609,0.0911408,-0.0016399
133,15.113,-0.31376,7.09198,-2.99541,-0.0870026,0.0430523,0.0299519
134,30.0306,-7.26799,6.26005,-0.519878,-0.0314624,-0.0651909,-0.000912507
135,88.5064,-6.53658,-3.17697,3.27202,0.08373,-0.00610933,-0.00974284
136,99.1506,2.67721,5.40198,-4.59978,-0.0319553,-0.0390388,0.0242319
137,27.3506,-0.054008,-3.76269,9.64123,-0.0680718,-0.0389109,0.019942
138,96.5721,-8.09648,4.86412,-9.96363,-0.0362794,-0.0304359,-0.0323601
139,41.5232,-4.28948,-6.67318,7.50675,0.0448442,0.079965,-0.0865557
140,97.3201,7.96646,3.55378,-3.47555,-0.0380666,0.0908221,-0.0611329
141,3.63725,-2.17051,6.63489,6.1869,-0.0305717,0.0654152,0.0783287
142,7.45861,-1.82708,7.2739,8.1179,0.0691793,0.0517251,0.0559164
143,87.3065,0.740955,4.76771,-7.93172,-0.00343513,-0.00295827,-0.073571
144,70.4481,-0.99653,-2.90506,9.27588,-0.0630516,0.0110632,0.0203109
145,97.9277,0.164081,4.89544,-5.14734,-0.0152823,-0.0782522,0.00315566
146,88.9111,5.19559,6.67959,3.73538,-0.0213778,-0.0603045,0.0499298
147,24.8562,-9.77847,-4.61501,8.4037,0.0701381,-0.00386674,0.0631693
148,6.6142,9.84218,-1.89791,8.76757,-0.0956444,-0.0813272,0.0905996
149,60.0296,-4.99175,-9.97613,-7.586,0.00074254,0.0882008,-0.0434717
150,46.471,4.26384,-0.850094,7.7644,-0.00638767,-0.0109838,-0.0414739
151,46.8856,-7.06892,6.49945,-7.53165,0.0353309,0.0875661,-0.040276
152,36.3845,-9.28458,8.40161,-6.79465,0.0811215,-0.0629702,0.0955709
153,19.1264,-0.689174,5.7923,6.91226,0.0917844,-0.0397286,-0.0626833
154,12.6614,-1.33593,-6.56566,-2.64971,0.0450697,-0.054376,-0.0699891
155,56.135,6.78136,-1.56179,-2.46319,0.0960757,-0.0301402,-0.0612771
156,93.4421,5.58767,-4.65664,-4.51254,0.0771186,0.0960784,0.0130264
157,11.6807,-7.86913,-9.11469,1.39824,0.0860644,-0.0956237,-0.0995667
158,42.6023,0.381135,-0.25476,-0.0652911,0.0249966,0.0495139,0.0128355
159,80.5826,-5.7941,-9.04754,-0.613706,0.0399989,0.0333216,0.0784012
160,95.9568,2.13498,5.38585,-6.85351,-0.0927777,-0.0592686,-0.0110826
161,50.8797,9.66197,1.37712,4.37957,0.0762381,0.0934557,-0.0100934
162,25.2575,-6.57561,8.57336,2.20203,0.0384996,0.0664721,-0.00607322
163,33.2114,-6.71603,-0.130281,-7.68483,0.0742372,-0.018789,0.0707073
164,7.95856,9.72423,-5.24262,5.60631,0.05678,-0.0848082,0.0895211
165,76.8872,-5.64799,-0.797141,5.80659,-0.0804694,0.00739115,-0.000796588
166,17.1562,-1.8795,-4.4651,-5.65682,-0.0637188,-0.0180355,0.0882499
167,91.2328,-5.5302,-4.44594,9.27659,0.099906,0.0383859,-0.0864066
168,31.2201,0.508081,-8.87594,-9.69318,-0.0388747,0.0125689,-0.0238059
169,52.5437,4.31682,7.22719,-7.42415,-0.0837487,0.0753663,0.0561676
170,79.7059,-9.13803,2.22719,2.81755,0.0890473,0.0965243,-0.0802047
171,67.8246,-8.36869,-8.51958,-2.62824,0.0864301,0.0415898,0.0108035
172,64.8404,-3.86153,7.67497,-1.38589,-0.0738033,0.0820666,-0.0626718
173,65.874,2.84296,-0.335621,0.151621,0.000381012,-8.57134e-05,0.0774122
174,42.4075,-5.8635,-7.67566,1.38234,0.0205951,-0.0800342,-0.0708629
175,35.9334,-7.79736,-4.16967,5.83571,-0.0213941,0.00855253,-0.0755906
176,80.4501,-4.29045,4.90139,-6.00026,0.00977678,-0.0101922,-0.0914709
177,83.5595,6.38605,-4.73094,-3.19755,-0.0394277,-0.0117853,0.0163267
178,66.8914,-3.57639,-2.33684,-1.35959,0.0644033,0.0715873,-0.0216616
179,15.6198,-8.27468,1.35565,8.38801,0.0884956,-0.0613376,0.0878476
180,68.1095,-3.60828,7.51887,7.55033,0.04647,-0.095963,0.0413045
181,93.0091,5.65718,-3.7815,-9.3717,-0.0620985,0.0262551,-0.0642438
182,50.3832,-2.28004,-0.251394,7.46424,-0.046873,0.0280739,-0.0350343
183,43.8532,5.86672,-0.273387,-4.05624,-0.0386882,-0.0916454,-0.0902721
184,38.3411,-3.03982,4.73887,-1.84869,-0.069944,-0.0204329,-0.0979585
185,85.4329,-4.74063,-7.85609,-3.6707,-0.0513091,-0.016006,0.0600136
186,54.4792,-0.711394,-6.31965,-0.106227,0.0175629,-0.0240847,-0.0797683
187,31.939,-8.82882,-4.44739,7.84856,0.0639671,0.0760875,0.08311
188,57.7609,7.5418,-8.83313,7.12179,-0.0332331,0.0391722,-0.048057
189,70.7626,4.22643,-8.15589,-8.07898,-0.067742,0.0901233,0.0515759
190,28.1787,-0.916823,3.56231,-5.01114,-0.0392695,0.0433671,-0.0942152
191,98.0328,1.01156,-8.18902,-3.85829,0.0343214,0.0658634,-0.0793012
192,4.51816,6.72555,8.0235,9.70044,-0.0379501,-0.0843021,-0.00674315
193,67.171,-7.48035,0.367672,-4.9945,-0.0536817,0.0706213,0.0338502
194,80.1384,-8.11155,6.64319,9.13656,-0.0573106,-0.041792,-0.0145963
195,63.6728,5.18727,8.36333,5.72684,-0.0392407,-0.00219636,0.00710553
196,39.7563,6.26026,8.1168,-0.0408116,0.0616939,0.033445,-0.0137926
197,56.2408,5.49095,-7.44227,2.27229,0.0400913,0.0993853,0.06782
198,14.7665,7.05111,5.92836,-8.99845,-0.0220925,-0.0711727,-0.000174336
199,89.4358,7.42869,4.51595,-7.58072,-0.0347509,-0.0573569,-0.0416834
200,86.3492,-3.75628,5.54883,8.00801,-0.0232548,0.0578952,-0.0225199
201,44.1524,-9.02693,6.68755,9.48649,0.0877817,0.0332751,-0.0359859
202,56.5981,-7.89596,-3.05269,5.16584,0.0964126,-0.0662806,-0.0845765
203,55.73,-0.776026,-5.40716,1.43932,-0.0452434,0.0757172,0.0726997
204,39.162,-1.88856,2.02091,-3.40026,0.0669209,0.0561635,0.0460982
205,9.4783,3.58761,4.66175,-8.15914,0.0861368,-0.00677588,-0.0790132
206,3.79712,-9.24366,4.38439,-5.70699,0.0619318,-0.0735904,-0.0110433
207,86.4698,-4.86207,-5.76235,9.65213,-0.0341757,0.0865174,0.0872735
208,37.7621,9.18798,8.57954,1.63947,-0.0323708,0.0166516,0.085596
209,73.9154,-7.49452,-9.01344,8.83685,-0.0322988,0.0261476,0.0736557
210,14.44,1.46242,-8.67329,-2.72276,-0.0429143,-0.0331608,0.0062879
211,25.0234,1.61475,8.80391,0.997596,-0.0641647,0.0969655,0.00691671
212,90.0915,1.96956,-8.04597,-6.77611,-0.00218719,0.0626329,0.0727755
213,2.30048,-4.64308,-2.06843,2.0249,0.0831102,0.0557095,-0.0952189
214,95.3133,9.56846,2.86148,6.82172,0.036049,0.0657583,-0.0780049
215,32.0394,5.41557,1.58869,2.59738,0.0706111,0.00484612,-0.0860389
216,4.02671,-8.32699,-3.72093,-4.02525,-0.0715671,-0.00252328,0.0205367
217,31.0665,-5.9613,-7.25477,2.01812,0.0808266,0.0561651,-0.0906371
218,65.7663,5.59944,-4.75139,-9.48536,0.0977114,-0.0447017,-0.0703055
219,92.2136,2.23413,-1.83858,9.44735,0.0210688,-0.0153366,0.0297519
220,50.3518,-8.63338,0.297085,2.84319,0.0587497,-0.0620436,0.00512851
221,79.2058,-5.54351,-6.7251,8.19227,0.0720695,0.0297182,0.0947015
222,9.05231,-3.4432,-7.75098,4.45729,0.0547058,-0.0671503,-0.0327016
223,40.3083,-5.06304,8.9527,-9.16876,-0.0962549,0.0293325,-0.087203
224,17.2788,4.5467,-2.46994,1.12461,0.00689768,0.0400672,-0.0773859
225,6.29107,7.05846,2.68683,-5.33711,0.085545,-0.0430711,-0.0404346
226,9.21474,-4.29244,3.90238,-7.99843,0.00555603,-0.00182465,-0.0393526
227,97.5699,-7.5015,0.758582,-4.04702,0.0688864,-0.074875,0.0897295
228,97.2931,9.80214,-7.14378,0.338327,-0.088598,-0.0638003,0.0908116
229,72.2178,9.78564,-3.45514,1.46836,-0.0552634,-0.0357736,0.0350335
230,85.6335,3.06197,3.13084,-1.03403,-0.0852251,0.00213858,0.045765
231,75.2742,-0.852206,6.33701,3.55034,0.09218,0.0280842,0.072512
232,79.4488,-3.75046,-3.57238,3.84944,0.0754407,-0.0452638,0.00699447
233,8.61992,-4.58705,-3.46623,-9.92468,-0.000179247,0.00139007,-0.0313909
234,2.40756,4.16924,1.41572,-5.68483,0.0380766,-0.02057,-0.0310771
235,68.7166,1.64478,-8.37496,-9.06777,0.062905,-0.0802086,0.0883108
236,54.8638,6.87347,-6.22637,-5.29506,0.0449411,-0.0969441,-0.0931998
237,45.055,7.06264,-4.60228,-5.24184,0.0636025,-0.064417,0.0783593
238,7.27082,9.95396,-0.0854502,4.94665,0.0942203,-0.0724297,0.0318782
239,15.844,8.50899,-0.557489,-5.84121,-0.00481415,0.0527162,0.0152737
240,70.3479,4.71574,-5.3457,-4.53468,-0.0776584,0.0542713,0.0583549
241,53.266,3.20331,-4.39635,-6.91717,-0.0760081,-0.0247555,0.0230127
242,45.1867,1.77262,-0.0989834,-5.22019,-0.099292,-0.0102723,-0.0785818
243,47.9065,-1.25303,-0.710636,5.93286,0.0415679,-0.0326524,0.072113
244,76.3057,7.83662,-5.96421,-3.37512,-0.0717789,-0.0439182,-0.0103316
245,19.8131,0.953067,4.74771,9.49697,0.0265192,-0.0765403,-0.000365679
246,78.9192,2.43683,7.14687,4.80921,-0.0519818,-0.0817817,0.0944425
247,11.8664,2.08889,-3.47027,8.53307,0.0615205,-0.0626186,-0.0987162
248,72.4908,-3.15189,-1.22829,-1.90436,-0.0316664,0.0393722,0.0817149
249,46.3715,-1.14172,-1.95779,-9.55795,-0.0743236,0.0116563,0.060755
250,93.6547,5.66511,-3.14014,2.10358,-0.016288,0.0330911,0.0896535
251,12.1474,8.70031,3.50906,-7.82129,-0.057004,0.0859226,-0.0141961
252,94.1062,9.45153,4.81651,9.27465,0.0641824,0.0575316,-0.0140057
253,69.51,-5.25254,2.76476,0.623603,0.0893758,0.0477306,-0.0872324
254,15.5254,1.91779,7.14692,-8.05899,-0.0939386,0.0178013,-0.00828548
255,57.5283,-0.164371,6.5082,-3.33088,-0.0260161,0.0153782,-0.0786959
256,36.8423,4.50124,1.80744,9.425,-0.0110661,-0.0380488,-0.0886158
257,60.248,3.40816,7.74355,0.688459,-0.0707966,-0.0397601,0.0729484
258,35.2386,2.53636,-7.86919,-5.19418,-0.0428503,0.091172,-0.0455243
259,25.0036,5.04426,-7.03474,-4.95187,-0.027952,-0.0524461,-0.0178414
260,49.7671,-2.07994,8.82807,1.56287,-0.0112772,0.0632155,-0.064708
261,90.2721,4.65105,-2.37893,-5.67928,-0.0863796,0.0220796,-0.0526273
262,89.9605,0.0822197,-7.55407,6.718,0.0501589,-0.0117382,0.0626177
263,94.1463,0.450592,-7.21249,0.584749,0.0948914,0.0778808,-0.024322
264,13.2088,9.35487,-7.50205,-0.119067,-0.0800865,-0.0494277,-0.0122082
265,16.189,3.12919,-3.70498,7.3385,0.0789259,0.0939069,-0.0439522
266,35.4131,6.65084,3.76525,0.138615,0.0157098,-0.0614489,0.0724266
267,95.7261,6.76591,-3.75974,-4.18764,0.0808075,0.0705381,-0.0304534
268,29.8113,7.57635,-4.45467,8.25392,-0.0137559,-0.0521623,-0.0839111
269,4.05035,-0.710849,-9.28546,1.52921,0.0930016,-0.0357068,0.0926716
270,19.4512,-1.68948,9.86224,-9.36544,0.0385362,-0.088353,0.0733577
271,77.8143,2.36296,-9.60626,1.90484,0.0762588,-0.00983705,0.0346463
272,89.1114,-3.88853,-0.570664,-9.47317,0.0121664,0.0722906,0.0845784
273,51.12,3.56697,5.77639,9.35545,0.0645615,0.0736484,0.0285811
274,94.9198,2.60873,-0.417194,2.19449,-0.0281161,0.025097,0.0336542
275,19.398,-8.41999,2.7703,2.0022,0.0314309,-0.0508061,-0.0591456
276,8.99187,9.36951,-8.82702,1.12184,-0.0679381,-0.0853335,-0.0152402
277,65.622,4.97657,-4.30048,-3.15224,-0.0936356,-0.0434126,-0.0730694
278,16.982,9.72809,2.36337,5.53375,-0.0258372,0.0798156,0.0731218
279,17.2702,-0.677306,-3.22106,-0.15641,-0.0165287,0.0255955,-0.00361971
280,20.1715,5.46344,0.0866991,-3.97921,0.0540014,0.0849005,-0.00781155
281,73.7262,1.08922,-6.15023,-8.41861,0.028831,0.00162588,0.0839691
282,66.8737,9.63948,-1.4601,-9.86519,0.0360238,-0.00162693,-0.0236682
283,37.7935,-0.858223,3.47508,5.75408,-0.099437,0.0238494,-0.0879849
284,6.58766,0.173508,-6.49635,6.91964,-0.0451091,0.023212,-0.0280168
285,93.1107,7.74374,-1.13818,8.86536,-0.0471278,0.0447852,-0.0205205
286,44.8459,0.770339,-8.83174,8.73307,-0.0922704,0.0402593,-0.0374218
287,89.1883,2.4953,-9.47353,5.27059,0.0562914,-0.012999,0.0844943
288,46.7003,-8.37721,-4.7971,1.89096,-0.0440085,-0.0546138,-0.031409
289,99.1654,3.89419,5.65963,-6.12398,-0.0310032,-0.00251867,0.0148018
290,69.1532,-9.31105,3.97271,-8.72543,-0.0484472,-0.0910657,-0.0833704
291,67.5602,-7.89442,1.67792,8.07999,-0.0944096,-0.0319533,0.0496158
292,93.0461,-0.00509039,4.10896,-8.3963,-0.0426198,0.0109068,-0.0352313
293,91.2008,-5.94177,0.783449,8.09185,0.0618111,-0.0975319,0.0864534
294,31.6379,6.56091,4.90393,8.02954,-0.0319026,0.0282667,0.0209914
295,59.6021,3.40605,-6.6803,-0.175934,0.099796,0.0695918,0.0373254
296,18.1548,2.97078,-9.58874,4.2138,-0.0947583,-0.0904189,0.00342117
297,89.8714,1.58821,-3.02229,-9.93868,0.0744894,0.0110711,-0.0603756
298,23.8351,9.21235,-9.26188,-4.46738,0.009268,-0.0649798,0.0809543
299,4.50757,4.52848,-5.19846,-0.639731,-0.014888,-0.0660123,0.073302
300,43.1351,-3.20033,-1.34361,-8.2644,-0.0695896,0.00811988,-0.0126689
301,2.35816,-1.16264,-0.0958815,-6.79093,0.0783311,0.049525,0.0014105
302,12.7574,-5.07651,-0.669728,2.16752,-0.0033982,-0.0712822,0.0737848
303,29.0376,-5.11702,5.71754,-3.57064,0.0295579,-0.0521784,-0.0951076
304,68.5563,6.49249,3.0241,-2.88402,0.0732322,0.00979243,0.00936126
305,15.3403,9.28257,-7.29852,-8.1011,-0.0657474,-0.0173438,-0.0678724
306,99.9629,2.06801,-5.3426,3.38255,-0.0916021,0.0181759,0.0634206
307,86.6322,-1.232,6.11812,-9.31847,0.0434651,-0.0026569,-0.0830957
308,90.3957,-1.41462,0.310435,6.53822,0.0821093,-0.016113,0.0687382
309,93.377,3.15197,-5.24642,-8.16228,0.0280602,-0.0301267,-0.0202753
310,19.0874,7.73422,-9.3832,-4.33925,-0.0451411,0.0612663,0.0242087
311,4.09361,4.84614,2.57526,-2.65281,-0.0352415,-0.0699025,0.0935126
312,70.654,-9.89355,-2.18677,8.79955,-0.019332,-0.030877,-0.000152452
313,14.435,3.09818,-7.13384,-5.39008,-0.0524057,-0.0805692,-0.0582897
314,50.8893,4.12724,3.45492,8.22517,-0.040085,-0.0730558,0.0564973
315,63.1921,-3.01752,-1.66889,-9.11401,-0.0416333,0.0379505,-0.0619036
316,25.2694,5.03542,-4.31474,0.857993,-0.0730714,0.0314866,-0.0218007
317,91.2225,-0.872337,-8.79912,-5.13733,0.00844915,0.0801329,0.0641595
318,61.1453,2.47569,2.32207,-7.17429,-0.0389668,0.0156496,-0.0251343
319,38.406,-8.96804,-4.49566,5.85168,-0.0828971,-0.0209551,0.0521874
320,82.0312,0.162839,4.12718,9.4708,0.0966191,-0.0741572,0.0750342
321,92.4297,8.3254,3.96429,-0.768562,-0.0277011,0.0273291,0.0949961
322,23.6499,-7.12047,-6.2925,7.29618,-0.0964348,0.0387837,0.0130055
323,75.8137,8.60206,1.28411,4.71287,0.0534557,-0.0983253,-0.0288785
324,72.0167,-0.458724,9.29935,8.27795,0.0461615,0.0157307,-0.0977715
325,75.0652,3.88983,6.51414,-3.65096,-0.0896878,-0.0578702,-0.0296599
326,90.0766,-7.29044,0.60368,-8.32099,0.0432664,-0.0626132,0.0965707
327,95.7516,0.67229,5.12952,-5.88263,0.055172,0.0471021,-0.0800396
328,12.0896,3.69596,7.69426,1.86598,-0.0445695,0.0481112,0.0480795
329,45.4781,0.0815479,8.01265,-7.88083,-0.0560891,-0.0663178,-0.0290234
330,39.4708,9.37467,-1.51843,-6.28963,-0.0340664,-0.0266879,-0.0597881
331,51.3395,-7.03693,7.87206,-0.88545,-0.0587184,0.00300755,-0.0575289
332,35.9447,-3.93428,-6.32315,-0.741061,0.0717893,0.0947138,-0.0650111
333,67.5516,8.61179,-5.66874,-3.0226,0.0493195,-0.0667563,-0.0995952
334,96.3313,3.58481,3.84666,-8.88801,-0.0177721,0.0053785,-0.0490262
335,19.6771,-5.32511,-1.25209,-6.19588,-0.0564285,-0.0387641,-0.0275201
336,87.9251,-0.236922,-8.53898,8.35955,0.00611002,0.0968755,-0.0136604
337,94.1746,-7.69674,7.13763,-9.30655,-0.0897877,0.0333123,0.0622939
338,72.8054,-9.11571,-3.62063,1.49249,-0.0692873,-0.0293354,-0.0478861
339,43.0626,5.30163,-2.36775,4.99781,0.0483232,-0.0843979,-0.0150136
340,66.9475,-7.46441,-8.23376,-1.1618,0.09017,-0.0532,-0.0594228
341,37.9819,0.77402,4.02001,7.12495,-0.0803144,-0.0908882,-0.0522621
342,4.37499,1.46474,-2.05722,-3.11434,0.0794549,-0.00306061,0.0337371
343,23.7183,-0.372391,8.03868,-5.31967,-0.084715,0.00196622,0.0240956
344,86.4026,-2.97466,1.90516,9.54521,0.0327431,-0.0876068,-0.0570248
345,10.792,0.539861,-1.03416,-5.54653,-0.0727187,-0.0308047,0.060412
346,98.7908,4.1058,6.34556,-2.5748,0.0770722,0.061628,0.0702046
347,99.861,7.98764,6.84837,-2.7906,-0.0986162,0.0294711,0.0813468
348,98.4323,-1.074,-0.140778,5.99077,0.00939641,0.0890133,0.031948
349,44.197,-7.31533,-8.75878,-5.61714,-0.0651707,-0.0667267,0.0696321
350,77.1884,2.99744,-6.22798,3.66685,0.0936255,-0.0643195,0.000335501
351,57.4404,-1.18421,5.11811,-2.29709,-0.0713933,0.000273659,0.0557791
352,1.9851,-0.59928,-6.69361,4.79254,0.0173831,-0.0997497,0.0809001
353,45.5253,4.65287,2.64781,3.84429,0.0701007,-0.0864518,-0.0159799
354,2.06241,-8.04259,2.1023,-9.91446,0.0868869,0.0602889,0.0581354
355,2.4654,-4.4703,8.82455,2.32867,0.0906541,-0.0255042,0.0422814
356,55.9787,-1.16819,4.00921,-7.88263,0.0970656,-0.0532146,0.0676501
357,81.6992,-2.72243,2.28278,0.572265,-0.0832335,-0.00297955,-0.07524
358,89.874,-2.82264,2.64253,4.51193,-0.0485123,-0.0481292,0.0328075
359,21.5253,6.03434,6.56055,9.72965,0.0337471,0.0305894,-0.00615346
360,10.1653,1.5307,8.12644,-1.0173,0.0231832,-0.0546357,0.0111277
361,57.3787,-4.83114,7.71446,5.66042,-0.0896023,0.0331582,-0.0121221
362,87.0869,5.28608,-5.83307,4.59379,0.0512795,-0.051366,0.0627688
363,93.0382,9.01882,-2.20916,2.27418,0.0502795,0.0412268,-0.0256551
364,65.6445,6.8323,-8.92234,1.66058,0.0736554,0.0229819,-0.0838356
365,30.1353,-4.31584,3.38781,-3.29731,0.0136597,0.0454478,0.0134618
366,94.2021,-7.84942,-0.47612,-0.372124,-0.0481096,0.0610698,-0.0208176
367,63.7535,7.96546,3.84626,-5.02659,-0.0142595,-0.0051923,-0.0710405
368,85.1531,4.63582,8.73626,2.06868,0.0759735,-0.0447077,-0.0659676
369,45.1951,-7.26203,-2.22889,-9.91057,0.0058929,0.0835972,0.00898242
370,78.8405,-6.38069,-4.00223,7.47714,0.0721915,-0.094326,-0.0456541
371,95.21,5.74355,-2.07416,2.43245,-0.0960548,-0.0729166,0.0791027
372,96.9704,4.83315,4.91424,1.35882,-0.0348728,-0.0589477,-0.0618672
373,73.4709,3.2354,0.689408,-4.1908,0.0534958,-0.0239271,-0.0859998
374,96.84,-3.17849,-7.42606,-0.302951,0.046618,0.0934796,-0.053951
375,50.2991,-8.44592,8.33548,7.02929,0.0324002,0.0693485,0.0327847
376,87.8203,-3.76773,-8.53185,-6.01155,-0.0802065,0.0082425,-0.0645469
377,87.6762,-2.57281,-8.88832,-1.01591,0.0738962,0.0835704,-0.0418319
378,6.52022,-7.77292,-0.322531,-5.10214,-0.0996937,-0.0490421,-0.0848606
379,22.6118,-9.94117,4.70219,9.51693,0.0599438,-0.0321499,-0.0396535
380,8.46742,-5.47918,1.66457,1.91471,-0.0167921,-0.0878633,0.0524813
381,32.8605,-2.92507,2.38942,6.3256,-0.0718299,0.0278968,0.012937
382,57.0919,9.62916,-7.2703,-5.83136,0.00371455,0.0752478,0.0990261
383,18.0482,6.78169,-7.11175,-7.3696,0.0574797,0.050503,-0.0411686
384,39.3449,2.5246,-5.42712,-5.7019,0.0850517,-0.0277799,0.0238442
385,89.966,2.93885,8.74173,-1.00168,0.00640033,0.0107738,0.0926267
386,65.5336,9.77749,8.29197,1.57328,0.0357409,-0.0111157,-0.0858822
387,49.851,-2.26766,0.778822,-6.09961,0.0861512,-0.0122229,-0.0503551
388,93.2378,0.657287,7.46642,4.9621,-0.00153866,0.0774205,-0.057622
389,21.8813,9.87018,-8.88544,0.179656,0.0489921,-0.0637866,-0.0930205
390,82.4688,-9.58459,3.1082,-1.52101,-0.00727037,0.0402436,0.00169213
391,94.915,6.49681,-5.69348,4.08476,-0.0620783,0.00758015,0.00893992
392,88.3787,6.10379,-3.35645,-5.81339,0.0414225,0.022783,0.0309823
393,75.808,9.64633,6.75265,-5.34293,-0.0657797,0.0678506,0.0398463
394,64.5032,7.52602,-3.74043,2.27391,-0.090589,-0.0228635,0.0394575
395,77.3522,3.10764,-7.12418,9.87061,0.0650832,0.0859591,0.0200074
396,74.8688,-0.235505,1.23682,8.55371,0.0131578,0.0471852,-0.042983
397,50.316,-8.4789,-8.54402,-7.33082,0.0533963,-0.049768,0.0746271
398,50.91,7.31505,-8.37752,-1.74759,0.091954,-0.00669361,-0.0957889
399,90.5877,8.80723,8.04557,9.06555,-0.0962681,0.0650507,-0.0476114
400,9.0943,6.11757,-6.68847,4.35531,0.0747842,-0.000920549,0.0449781
401,2.38735,-3.6499,-4.92248,-9.83911,0.080645,0.0698078,-0.0502399
402,88.5057,3.85516,5.1622,6.61219,-0.0398081,-0.0981443,-0.092973
403,30.4509,-1.04328,-7.64892,2.26344,-0.0387234,0.0467787,0.0437212
404,4.40838,5.69648,5.61199,7.293,0.00657359,0.0689211,0.00466815
405,55.2,-7.89729,-2.33726,7.94991,0.0826813,0.00519119,0.00212515
406,37.6431,-2.29888,-5.89567,0.115187,-0.0766117,-0.0790607,0.000586886
407,47.7152,0.678777,8.13686,1.81776,-0.0145062,0.0874666,0.0583103
408,38.0873,0.298168,-8.18916,-9.82883,-0.0697965,0.0441152,0.00121559
409,69.0413,2.02986,5.46464,-8.58887,0.0160869,0.0700837,0.060778
410,32.7266,-3.94185,7.27924,9.36378,0.0917143,0.0624439,-0.00232441
411,10.6276,8.83216,2.71006,7.23183,0.07328,0.0386048,0.0762214
412,78.8618,-0.0589417,3.93682,7.75944,-0.0674819,0.0318097,0.0609326
413,68.234,-2.50685,0.965481,5.37331,0.0210013,0.00871602,0.0511843
414,92.1139,-5.87406,9.81993,7.39721,0.0693054,0.0434853,-0.0861359
415,97.0358,5.76751,4.33231,-4.28612,-0.0556557,0.0509755,0.0742902
416,85.2369,-3.98518,-1.8105,-7.35893,0.0242069,0.00599276,0.0995833
417,14.394,2.03405,-4.53889,9.48634,-0.0795003,-0.0162211,0.0465929
418,83.5212,5.44885,5.34171,1.58983,-0.0500811,0.000338289,-0.0139266
419,70.0868,2.66989,-2.468,-6.76801,-0.076537,-0.0748002,-0.0684827
420,76.9472,-6.48255,2.23383,-6.54933,-0.0351043,-0.00879459,-0.031374
421,33.6037,-7.36719,4.28675,1.69311,0.0245558,0.028835,-0.00694288
422,89.8693,-3.43776,-0.444404,-7.2336,-0.0408293,0.0114129,0.0172989
423,62.6867,-6.64243,2.12184,-8.27357,-0.053195,0.0134495,-0.0213372
424,10.9292,5.44721,1.21492,8.27127,0.0072128,0.0497182,0.0936201
425,40.8838,4.39662,-3.58118,-4.64781,-0.0602864,0.036349,-0.0646056
426,33.2565,4.8666,9.78334,-6.70607,0.0270224,-0.0297876,-0.0683488
427,39.9961,-5.28577,-5.12919,1.18474,0.0810742,0.027889,-0.0242678
428,7.82829,-1.87589,-2.65138,-5.78596,-0.0570588,0.0964872,0.0813042
429,35.3984,5.44398,3.09264,2.81836,-0.0539226,0.0421555,-0.0858196
430,59.4305,-2.81708,-8.07442,7.75215,-0.0762479,0.00283916,-0.0308961
431,9.02132,7.06678,-7.09089,-4.3142,-0.0118441,-0.0677203,-0.0743269
432,31.384,8.53217,7.07733,3.65805,0.0399606,0.0679339,-0.0873775
433,52.9524,4.48577,-8.70612,-0.769875,0.0890548,-0.0559894,-0.0379331
434,24.8201,-2.56509,-8.16928,5.9258,0.0944899,-0.02588,-0.0616849
435,61.467,-9.78439,-0.490433,9.34917,-0.0951284,0.0395612,0.0426365
436,25.4717,-7.35975,-8.58837,2.67938,-0.0736649,-0.0771527,-0.0333745
437,96.4691,3.72916,1.23115,9.95193,-0.0257237,-0.025697,-0.0169265
438,98.4975,7.87655,-0.443896,-7.00564,-0.0505157,-0.058862,0.0672688
439,93.9362,-2.77085,-5.27467,8.16623,-0.0248781,-0.0327471,-0.0584662
440,35.7163,5.13565,-2.56528,-3.75394,0.0362907,-0.0315989,-0.0884705
441,41.6275,4.42834,7.48472,-1.14103,0.0452208,-0.0805066,-0.0910337
442,9.72189,9.19584,4.55965,-9.32063,0.0653491,-0.0810615,-0.00569115
443,41.6893,1.83611,2.14207,-2.01158,0.03604,-0.0205296,0.044025
444,27.2427,0.170921,-6.73982,9.9066,0.00886726,-0.0625606,-0.0118523
445,29.4782,9.33478,-4.57305,-3.17485,-0.0404034,0.0503613,-0.0116417
446,75.9701,-1.03785,4.97659,6.06217,-0.0377938,0.0688054,0.0680855
447,40.5614,-1.10607,-1.54304,-6.67747,-0.000535018,-0.0738504,-0.0227345
448,56.0829,-2.25073,3.37841,4.8423,-0.0696627,0.00709942,-0.0394092
449,64.6701,1.59254,-3.4234,9.37915,0.0672161,-0.0279257,-0.0278376
450,39.3299,9.95587,4.95871,-4.95829,0.00973103,0.051972,-0.0469196
451,16.1367,4.08703,-2.96188,4.80338,-0.0265903,0.0261495,-0.0350976
452,21.0024,3.26528,-0.330516,-6.31597,-0.0526723,0.0639286,-0.00615506
453,92.7662,-4.67465,-3.68859,-8.2042,0.0782367,0.00995022,-0.0612056
454,91.7238,3.50473,-6.0111,-2.19565,0.0119671,0.0713127,-0.0230888
455,44.5482,8.8394,-0.737939,-6.91359,-0.0813282,-0.00452943,0.00198937
456,45.291,5.0924,0.929761,7.30772,0.069205,0.0593491,-0.029051
457,53.5705,-7.02527,8.83887,-1.07432,0.0158671,-0.0283845,-0.092168
458,40.3845,-2.61412,5.22795,1.11493,0.0520866,-0.0274202,0.0895436
459,31.6819,6.81558,-0.908345,-5.59522,-0.0981367,-0.0838908,0.0295733
460,34.0739,5.20545,-6.57694,3.45435,0.00627652,0.0935296,-0.00710053
461,43.6061,3.77545,-9.1189,-8.7241,-0.0327857,0.0283667,-0.0820693
462,34.5864,-1.82623,0.866853,2.74029,0.03975,-0.0876924,0.0411134
463,74.6445,-5.31098,3.37039,-4.75976,-0.018006,0.0738999,0.0231407
464,17.9011,-8.73728,-0.576958,-0.500666,0.0882282,-0.0674012,-0.00273973
465,22.7993,-4.73021,9.02421,-6.12389,0.0748615,0.0877716,0.00196441
466,81.8734,5.46614,0.928802,2.75391,-0.0642133,-0.0590577,0.0182958
467,92.5303,-1.55181,3.2318,9.96119,-0.0315257,-0.0526148,-0.0703357
468,91.7136,-1.60369,-0.950732,9.07484,-0.0477536,-0.0214624,-0.0282733
469,35.4254,7.80362,4.31124,-3.34458,-0.0406726,0.0415379,-0.048112
470,64.1197,-1.98539,-6.71504,3.63412,0.0544965,0.0601401,-0.00676931
471,55.5738,-5.09407,0.914278,4.65045,0.00423246,0.0987441,0.0936993
472,18.0571,1.61021,-9.78209,9.39537,-0.0333221,-0.0312998,0.0513577
473,23.6344,-5.97888,-0.514107,2.3848,-0.0389006,0.00822867,0.000922403
474,66.22,9.10453,9.43833,-6.69629,-0.0541837,0.0307127,0.00616514
475,56.6317,8.50564,-8.98535,-3.09108,0.0464017,-0.0591559,0.0771492
476,66.3764,2.4632,0.458574,-1.14112,-0.0164555,-0.0713523,0.0871159
477,89.1139,-9.22156,5.85996,-4.79972,-0.0322246,0.00329568,0.0156435
478,24.0986,3.17221,2.26632,-7.69551,0.0702802,-0.0889486,0.0456572
479,99.7208,8.16852,9.98111,-3.07277,0.0683902,-0.0530263,0.0895771
480,48.0108,-5.99147,-8.17039,-1.56277,-0.051125,-0.0272037,0.00198455
481,89.2577,7.7878,3.31859,4.36178,0.0115074,-0.0253982,0.0852907
482,46.4701,-2.76688,0.801997,5.39077,0.0580386,-0.0611845,0.0721406
483,7.17336,8.48794,-6.54829,-7.23444,-0.0951282,-0.0735921,-0.0379926
484,30.4555,2.73259,-3.88993,-8.49814,0.00255764,-0.00381799,0.00163893
485,31.105,-3.22608,8.54865,5.14091,0.0997429,-0.0448656,0.0862059
486,42.9186,2.5384,-4.17201,8.91068,-0.0271284,0.0470842,-0.0540397
487,59.1536,-0.242528,4.77325,-8.10787,-0.038435,-0.0794725,0.0516181
488,48.4426,-6.68304,1.07105,0.966986,0.0468974,-0.0721969,0.057382
489,56.3105,3.31774,-6.4096,5.38513,0.081886,-0.0916169,-0.0844792
490,56.5657,-4.09031,9.6738,-7.93541,0.0392841,0.0368744,-0.0945569
491,46.7613,9.98789,1.94654,2.02657,-0.0572461,0.0146814,-0.0737557
492,88.5532,-0.566799,5.37255,-1.78641,0.0415328,0.0430722,-0.0681916
493,7.35038,-5.31406,5.14311,3.46832,-0.090452,-0.0734464,-0.00287326
494,96.9318,7.14328,1.88204,0.982708,-0.0228234,-0.0194425,-0.0779606
495,38.1138,-1.05802,8.83516,6.44465,0.00940595,0.0887091,-0.00797399
496,79.9444,9.77617,-5.46702,1.15527,0.0289133,-0.0121086,-0.0333395
497,10.0736,7.51494,8.72237,-8.91951,-0.0846851,0.0858409,0.0693313
498,14.068,-5.32888,-4.40016,-9.36311,0.0983156,0.0913754,-0.0277585
499,79.0545,-2.00875,8.29369,7.40199,0.0290959,0.0845638,0.0234721
500,91.9463,-7.67523,-9.25408,8.78454,0.0647223,0.0181007,0.0691143
501,53.321,-0.0871055,3.79455,-8.55873,-0.0364501,0.0630135,0.0788774
502,22.7905,0.452393,1.25627,-7.97652,0.0283722,-0.0748526,0.0181112
503,89.726,0.379882,1.35138,2.78426,-0.0997195,0.00191356,0.0886152
504,43.5107,7.1128,6.82534,1.05904,0.090011,-0.0818398,0.0317097
505,81.533,3.60808,0.903339,-0.267418,0.0908351,0.095992,-0.0483213
506,60.7417,-2.51254,8.34657,-7.3144,0.0607473,0.0765564,0.0190366
507,14.4414,4.33602,2.98161,-1.15019,0.00257273,-0.0159679,0.018265
508,62.9543,6.82664,7.73907,4.92264,-0.0225399,-0.0352756,-0.0768393
509,57.0847,-5.227,0.737607,-5.23888,0.051053,-0.0543339,0.0499384
510,90.588,-9.15983,7.29362,8.9397,0.0677504,0.0178888,0.0921935
511,21.9952,-6.93358,-7.95287,4.65523,0.0855139,0.0974773,-0.0427813
512,59.0756,-9.50816,-9.37629,1.08656,0.0206677,-0.0523557,0.0622319
513,94.1884,-8.61124,7.1507,7.32108,0.0145602,0.040737,0.0872637
514,11.0624,-1.1454,-9.47364,-3.97034,0.0644883,0.0510399,-0.0287307
515,45.6602,4.70375,9.59574,2.24501,-0.00952835,0.0297801,-0.0169495
516,1.93467,-4.08051,-0.975105,6.7255,-0.098954,0.0303089,-0.0906675
517,75.9648,4.88628,-8.36664,5.87632,0.0627037,-0.0654446,-0.0404907
518,21.841,-7.26776,8.48198,3.53622,-0.0864454,0.0965701,-0.0981433
519,11.3468,-0.722042,-9.65023,-7.02792,-0.0620474,0.0061568,-0.0790853
520,26.6577,0.91949,6.20244,0.0104495,-0.0276182,0.0612384,-0.00240096
521,15.0902,-5.14174,5.24472,1.3099,0.0341423,-0.0221105,0.0851764
522,4.68919,-1.14521,-8.45406,-6.52993,-0.0120609,0.00724638,0.0366104
523,91.1865,1.83668,4.72559,-3.66066,-0.0674959,-0.0703089,0.0431665
524,45.7757,-2.60987,4.28016,-8.90549,-0.0843786,-0.0393875,0.0704755
525,32.8597,-5.37292,8.07516,-5.3987,-0.0587142,-0.0728089,0.0747248
526,96.0868,-7.56395,2.56101,-3.14568,-0.00373163,-0.0379907,0.0907865
527,52.8114,4.34769,-4.02992,9.41489,-0.0103919,0.0160791,-0.00788812
528,37.5642,0.197906,-3.00472,7.80517,-0.000643222,-0.0998295,0.0802218
529,85.3035,-7.54194,-0.517418,-1.10237,0.0242965,-0.0133124,-0.0130742
530,23.5316,-8.95215,2.14826,0.448096,0.00760131,-0.00373921,-0.0955246
531,64.2422,-6.53829,-6.00739,6.15432,-0.0223276,0.0957314,-0.00417919
532,77.0501,-1.42843,9.22147,-3.70916,-0.0658124,0.0042744,0.0496583
533,29.7255,-0.650357,-8.60078,-6.73036,0.0879807,0.0368909,-0.00849366
534,99.1372,-1.28162,-9.05721,8.4615,-0.0935831,-0.0535939,0.0633074
535,79.3545,4.71154,6.79395,-7.98164,-0.0483914,-0.0552118,-0.0865191
536,6.25326,-2.33809,-6.76146,1.81817,-0.0648985,-0.0894985,0.0423457
537,77.567,9.21069,-0.372579,0.0219268,-0.056826,-0.0431197,0.0418583
538,37.8111,-3.57032,-6.65891,-6.41904,-0.0412854,-0.0227195,-0.0566066
539,23.3457,0.985547,6.08721,5.5416,-0.0292478,0.0630377,-0.0964805
540,9.98712,3.93389,0.723641,-8.84959,0.00385342,0.0640705,-0.0118119
541,1.11927,-5.88392,-2.24776,1.79555,0.0441346,0.0200742,-0.0541427
542,71.138,-5.33193,5.32012,2.8412,-0.0183472,0.0435267,0.0587479
543,8.65119,-3.74239,3.60557,-7.34033,-0.0118118,-0.0635476,-0.0423668
544,99.9204,-1.77264,-5.79482,5.95282,-0.0863015,-0.0230531,0.0643602
545,37.0644,-6.23185,-5.87352,-4.19072,0.050519,-0.0638172,-0.0665663
546,38.9571,0.612803,-6.14145,-1.61156,-0.000262757,-0.0950094,-0.0510026
547,9.87006,-4.48356,-2.95544,-1.50209,-0.0519356,0.0330027,-0.0937585
548,46.6241,0.82278,1.0683,8.49595,0.0793464,0.0131201,-0.00983329
549,7.76589,9.39395,4.95128,6.66452,-0.0805862,-0.0436643,0.0022916
550,7.02756,-4.47399,-4.88567,-7.21664,0.0537876,-0.0410745,0.0792547
551,56.8453,-7.07096,-7.09897,5.85208,0.051515,0.0801615,-0.0350695
552,2.95916,-5.7544,-1.62081,-4.22183,-0.0388116,-0.0668664,-0.055044
553,31.5634,-5.25846,7.17457,-9.61243,0.0575914,-0.0960637,0.0276095
554,42.5379,5.95527,6.51236,6.50586,0.0965595,-0.0291489,-0.0332567
555,66.7917,-1.72237,0.222518,8.15621,-0.0336653,0.0366839,0.0800133
556,29.3526,3.51825,4.04454,7.1926,-0.0604353,-0.0484299,0.0287034
557,79.2959,2.07424,8.02976,-5.64743,-0.0507918,0.0289676,0.0431537
558,92.9597,-8.2121,-6.64451,-9.20786,-0.0430871,0.0557706,-0.0904052
559,32.2785,-0.855274,1.32946,-0.330187,-0.0841576,0.0811263,0.0674886
560,58.0113,-6.56565,9.67813,0.386165,-0.0818421,0.00292504,-0.0391055
561,67.5804,-1.3378,-6.79463,-8.98525,-0.0534041,0.0451908,0.00201824
562,64.3429,1.83785,-3.44137,-9.54922,-0.0558028,0.0862623,-0.0582049
563,40.1167,-2.11468,2.66016,2.86033,0.0576699,-0.00617539,0.0579512
564,31.3787,-0.848086,-4.18843,-5.24484,-0.0293799,-0.012985,0.098027
565,16.5789,5.11621,8.36128,6.06979,0.0286871,-0.0668269,-0.0494378
566,3.55971,5.95902,9.21821,-3.31379,0.0655998,0.0263186,-0.0781176
567,70.6566,1.36308,9.54277,-5.66042,-0.0274339,0.0525649,0.087824
568,67.1251,1.82078,-5.49277,8.62436,-0.0895669,0.0492567,-0.0858417
569,47.889,-2.49454,-1.11528,4.33283,-0.0352812,0.0926254,-0.0647941
570,13.9265,-1.74795,-4.69047,2.82574,0.0204519,0.0987367,0.0359127
571,74.6405,-4.24364,2.99428,-6.20376,0.0744731,-0.0352087,0.0309087
572,52.4348,7.27253,-0.899441,6.80488,0.0450318,-0.0734277,0.00608698
573,89.996,1.45786,3.81645,4.67398,0.0435201,0.0568977,0.0607587
574,69.2754,-5.16515,6.51217,-6.86471,0.0707425,0.076782,0.00770861
575,1.43557,-3.71191,7.94413,-7.84561,0.036146,-0.010409,0.0762655
576,33.2427,6.90324,-9.84971,-1.55751,0.0805898,0.0879615,-0.00334027
577,20.3193,-3.47647,2.67069,3.88389,0.0107347,0.0995619,0.00726266
578,63.0594,9.06645,-1.10436,1.43802,0.0382164,0.0324103,-0.0994831
579,12.6056,-8.96558,-1.78509,-1.94023,-0.0120234,0.0692137,0.076388
580,75.753,6.9788,2.92315,-2.93461,0.0637329,-0.00305197,0.0898486
581,21.1885,4.78944,4.10382,9.80517,-0.0631231,0.0169272,0.0755888
582,31.0986,-4.93818,9.85341,9.54948,-0.0962316,-0.0241407,0.0129332
583,12.6122,-4.75805,5.07958,-1.04177,0.0179617,-0.0580153,0.0389085
584,13.7517,-2.72105,-0.935185,-8.05904,0.0275832,-0.092438,-0.0353591
585,33.3002,-5.75666,-0.500311,-2.98604,-0.00876247,0.0308254,0.0200154
586,25.928,5.61965,5.82244,-7.55092,-0.011646,-0.0967065,-0.018654
587,69.1742,-6.6957,4.21617,-8.64614,-0.0748044,-0.0346938,-0.03658
588,6.90746,-3.13753,-4.00874,3.47588,-0.0894007,0.0335043,0.047338
589,26.6483,6.93112,-0.306622,-8.3793,-0.0776467,-0.0768562,0.0584117
590,83.2029,9.82498,2.34752,7.16932,-0.0257021,-0.0626054,-0.0881204
591,55.8086,1.36384,-6.39789,9.8011,-0.0374561,-0.0500483,0.0945686
592,44.1473,-3.96848,0.478522,-1.3263,-0.0581644,0.0289182,-0.0195444
593,67.6687,9.22491,9.48462,9.92684,0.0768478,0.0369909,-0.0945112
594,55.0943,6.81197,-1.88871,-6.28131,0.00069294,-0.026144,-0.010404
595,93.1836,7.82087,8.33766,5.65331,-0.0561715,0.0303082,0.0280246
596,76.3434,-5.01426,5.6415,3.86324,-0.0199143,-0.0911153,0.0765788
597,50.747,-7.26603,4.54919,-0.0362947,0.0968489,0.0552241,0.0710287
598,81.0912,-3.88156,7.62114,2.60674,-0.0112358,0.0740175,-0.0348758
599,38.9395,3.82471,-0.00189824,-1.52213,-0.011847,-0.0542121,0.0709905
600,76.8693,-1.78382,-9.86535,4.92965,0.0819284,0.0164384,-0.0694993
601,96.82,5.60487,8.13657,-0.284702,-0.0641736,0.0218925,0.00941881
602,70.5342,-3.53535,-0.480161,-3.82399,0.00597966,-0.0537359,-0.00839175
603,15.8508,-5.92984,-2.97411,7.0814,0.0107011,-0.0505228,-0.0169828
604,14.9303,-0.344686,6.68217,-1.83565,0.0957754,-0.0678624,0.0334552
605,81.3728,-7.13473,2.3306,-6.32209,0.0749929,0.0537508,0.0246153
606,69.5531,-7.66928,-9.36724,1.11633,0.0951156,-0.0998614,0.0493708
607,97.5379,-9.1107,4.08084,-8.22652,-0.0520839,-0.0915171,-0.0834729
608,70.1785,-5.31767,2.9932,2.13107,-0.0992553,0.0937336,-0.0939559
609,28.3035,-1.0043,-1.16323,9.68773,0.072163,0.0419648,-0.00154965
610,41.1977,-6.71219,9.85108,-8.09261,0.0314352,0.0131997,-0.0634576
611,2.0078,1.8191,0.208479,-9.25507,0.0914549,-0.0651456,0.0838791
612,1.2309,5.08217,-6.9328,-6.21937,0.0557942,-0.0861282,-0.0349418
613,88.2185,-3.41385,9.54974,-8.75628,0.0261741,0.07618,-0.0515086
614,9.897,-9.39879,0.55325,3.22818,-0.0711783,0.0575845,-0.0909637
615,91.4428,-6.17868,-2.82098,9.57055,0.0466135,0.0186652,0.0235297
616,74.059,5.17689,-2.45229,-5.44751,0.0140641,0.0148366,-0.0556665
617,84.1215,6.01284,7.18012,7.7069,0.0889142,0.0188916,0.0431623
618,40.2528,-6.83558,1.25392,-3.05065,0.0692122,0.0104183,-0.0804077
619,56.1688,4.91234,8.87046,-4.66864,0.0275337,-0.047734,-0.0207134
620,76.797,-8.07917,-2.44311,-1.44537,0.0520205,-0.0284393,-0.0538048
621,12.7239,3.67848,7.50771,-3.50116,0.0624012,0.0112346,-0.044687
622,49.8909,-0.998293,-3.17893,3.60991,-0.0866149,0.0371538,-0.0549139
623,90.1721,-2.59873,-1.28731,7.92034,0.0642159,0.0364195,0.0719232
624,37.3216,7.02161,3.22023,-2.29012,-0.0366149,-0.0910746,0.0878851
625,16.8267,8.61403,-4.41597,-3.36951,0.0141481,-0.018316,0.0704931
626,2.12716,-3.76513,-5.54219,-3.70263,-0.0894533,-0.0346076,0.0754503
627,18.4819,-9.39725,-3.85837,-9.52001,0.025581,0.0714468,0.0764087
628,42.3276,7.16681,-7.83636,-1.97288,0.014185,0.0722378,-0.0158699
629,19.4131,-8.73569,-3.36565,-1.96785,-0.0264616,0.0229317,0.056494
630,48.3141,-0.102565,-10.001,-1.47959,-0.0459359,-0.0647094,-0.0656329
631,23.8069,-9.32248,7.1173,-9.51616,0.0638599,0.0997194,0.0665025
632,19.1052,-0.272759,3.40703,-1.52042,0.0324941,0.0479257,0.095386
633,5.11647,8.77369,6.20053,-3.86024,-0.0425159,-0.00304225,0.0215975
634,18.4355,-7.54299,4.04625,-0.115649,-0.0795133,-0.0193201,-0.0793606
635,8.11413,9.12395,-5.64024,-4.97598,0.0153157,-0.0490418,-0.0738261
636,33.9901,2.05883,1.86347,2.06752,-0.0946728,0.0872962,-0.0758163
637,43.3377,-0.140491,-5.39911,-1.10422,0.094734,-0.0450152,0.0709733
638,57.3388,5.85042,-9.37776,0.345772,0.0593417,0.00802356,0.00468261
639,5.57032,1.29707,4.25708,0.508003,-0.0345316,0.0770841,0.0222689
640,69.1062,-6.22388,-0.892464,2.95087,-0.046994,0.0532854,-0.0438538
641,15.098,-9.97327,-6.36267,3.13646,-0.0180161,0.0580762,-0.0890927
642,59.3041,-5.72147,-6.30205,3.19294,-0.0637224,-0.0114056,-0.0222157
643,19.6279,5.41637,-9.5943,-4.5519,0.0558029,-0.056964,-0.0196973
644,3.63865,-3.98581,4.63867,-4.35172,0.0687095,0.00545104,0.0990329
645,73.2141,-0.74847,-7.75387,0.296112,0.0774568,-0.00289966,-0.0771722
646,48.6742,-4.48706,-2.11442,7.39398,-0.0775262,-0.0478862,0.0781443
647,54.7132,-8.04874,-1.52407,-2.64901,-0.0227411,0.0777598,0.0851189
648,90.1543,-2.78142,-5.71659,-0.708626,-0.0887788,0.0782608,0.0568057
649,80.5426,-5.59492,-1.24463,-4.35848,0.0924474,-0.0840073,0.0430275
650,22.145,2.94738,4.5535,-8.94513,0.0235145,0.094727,-0.0752515
651,36.2985,-7.19769,9.43555,8.91287,0.0239327,-0.0694949,-0.0244343
652,69.7283,-3.09842,-5.71131,9.32768,-0.0145225,-0.0662809,-0.00534138
653,56.5621,7.51897,-1.94472,-2.80217,0.00847992,-0.0848197,0.0826265
654,42.0405,-9.49399,0.631111,8.51231,-0.0297669,-0.013912,-0.00655825
655,54.0149,8.7155,-3.26353,-7.0096,-0.000186398,0.0988817,0.0280333
656,1.49128,6.23473,-7.93588,-1.57434,0.0834241,-0.0614542,0.0897055
657,59.4769,1.99425,-2.17235,3.47961,-0.0815586,0.0462468,-0.0775856
658,73.4268,-8.01817,2.24294,8.26701,-0.0280252,-0.00474384,-0.00767664
659,18.7563,-5.90542,8.27537,-3.22536,-0.0850453,-0.0355449,-0.000579028
660,56.1624,7.71567,-8.61287,9.42285,0.0640102,-0.0641911,0.0172152
661,4.93933,7.41569,-0.841168,7.47332,-0.0743504,-0.0888483,-0.00107486
662,27.1577,9.89256,6.26006,1.04881,-0.00831778,0.0940527,0.0291276
663,47.5794,-9.54033,-3.31366,6.41241,0.0670286,-0.00447613,-0.0523057
664,4.03632,1.85964,3.4906,-6.55398,0.0317576,0.00637927,-0.095932
665,26.5116,-3.65115,1.23553,8.2998,-0.0045832,-0.0276227,0.0106084
666,85.5484,7.89002,-4.00807,-8.02719,-0.0109386,-0.0892016,0.0397629
667,92.6044,9.24888,-9.70642,6.74433,-0.0387669,-0.00177796,0.0149013
668,50.5961,-9.94248,6.21035,9.02852,-0.0847818,-0.045558,0.0547089
669,46.6976,-9.15707,9.49219,-0.851037,0.0872825,-0.00574505,-0.050108
670,99.6731,5.64919,9.655,1.90812,0.0284712,-0.000239597,-0.0145355
671,26.3135,-9.38642,8.84395,4.04407,0.0386776,0.000237631,-0.0146273
672,1.3346,8.42651,0.211999,7.94477,0.0423848,0.00745816,0.0342284
673,47.3662,-9.51267,3.35065,-1.13758,0.0658375,0.0894765,0.0134868
674,14.465,7.68109,-1.54837,-6.43489,-0.0745653,-0.0595313,0.098222
675,81.8885,-8.38838,-2.96089,-4.27409,-0.0364608,0.0306273,0.0630441
676,57.7148,0.509893,2.02449,9.13607,-0.0858869,-0.0241835,-0.0244931
677,85.8363,5.16357,9.52093,-3.81459,-0.0520335,-0.037366,0.0067852
678,20.846,6.84804,8.75488,-9.06469,0.028452,0.0135591,-0.0838279
679,20.735,5.92046,9.67913,8.6332,-0.0923417,0.0462298,-0.0710019
680,28.3469,-3.28176,1.50168,-7.75639,0.0721918,0.0946194,-0.0691089
681,93.4043,-3.57064,-0.207335,1.4635,0.0401045,-0.0518918,-0.0554037
682,91.9797,-7.45705,0.465728,-8.81782,-0.0511837,-0.0482144,0.0394723
683,77.9498,-4.57625,9.381,6.71804,-0.0331999,0.0778237,-0.0409192
684,67.4802,5.25719,8.71948,-6.96181,-0.0117787,-0.0690176,0.0395063
685,9.14714,3.34632,-0.679388,-3.97011,-0.052164,0.0324201,0.0636767
686,45.7711,8.5463,6.37968,-3.27898,-0.0668373,-0.0501519,-0.0142375
687,41.9142,-9.3486,0.0699657,9.2705,-0.0331377,0.0567213,-0.0436896
688,72.2102,-4.7176,-1.58686,1.8644,-0.0276333,-0.0547354,-0.0457131
689,17.7384,-7.02298,-1.78706,5.73273,0.0502877,0.0107199,-0.00213151
690,64.1128,-2.27394,2.91684,-1.54256,-0.0485199,0.0558245,-0.044205
691,9.37802,6.59729,-8.99172,-1.43396,-0.0646356,0.0154701,0.0834007
692,64.0738,3.56486,-3.93496,-4.04585,-0.00802246,-0.0516485,-0.0206103
693,81.2861,-0.394495,-2.93591,8.12873,0.0968501,-0.0117434,0.00343769
694,30.9235,6.79876,5.16795,-7.09148,0.0706316,-0.0370279,-0.0981645
695,60.5666,-8.75457,-4.48968,6.79637,0.062579,0.0464156,-0.0659136
696,74.8858,5.41058,-3.3976,-3.11599,0.0269315,-0.0332841,0.0462106
697,1.94352,-2.18599,-0.00300931,4.15283,-0.0958344,-0.0710049,0.0823403
698,51.3237,2.89483,8.52403,-0.629032,0.0343258,-0.0544506,0.0985462
699,75.3908,-8.95596,8.07387,-5.16624,-0.0969276,-0.00304373,0.0599447
700,73.6736,1.95951,-7.84173,4.44044,-0.0710562,0.0155797,0.0100738
701,21.648,4.42671,-0.36259,-8.60025,0.0422576,-0.0648038,-0.0411829
702,67.3389,7.19716,-9.43897,1.26133,-0.0248153,-0.037085,0.0516885
703,8.60331,-3.51464,5.70811,8.49891,-0.0165311,-0.0127866,0.07649
704,75.4213,0.746049,-1.10738,-9.77156,0.0107197,-0.089087,0.0244562
705,86.6668,6.81572,-1.80681,0.606006,0.0687832,0.0652989,-0.0791258
706,90.0804,4.35384,3.00121,-1.30074,-0.0441497,-0.0942953,0.0737033
707,76.1633,-0.791383,5.5479,0.641965,-0.0197683,-0.0843312,0.0318585
708,76.9338,-3.98609,9.69027,-7.7074,0.00448856,-0.01499,0.0860869
709,17.9883,9.78233,-7.48064,3.78296,-0.0384144,0.0231132,-0.0695727
710,75.8909,-7.69814,0.871746,-4.58964,-0.0309671,0.0699146,-0.0727762
711,80.4407,0.162544,3.53784,8.88549,-0.0783099,-0.0837827,0.0562324
712,32.6806,9.75056,1.71605,-1.30556,0.0375224,-0.0164445,0.014088
713,4.31368,-6.72904,4.13048,1.69017,0.084416,-0.0589376,-0.083882
714,91.9869,-2.96062,-1.62338,6.43078,-0.0182664,-0.0164158,0.0388258
715,65.8362,-2.23009,-3.84649,-6.8722,0.0365603,0.055131,0.090716
716,20.7434,5.40105,-7.45745,0.337843,-0.00287996,-0.0934097,0.00316932
717,56.7671,9.68946,-6.30599,8.0251,-0.0512544,-0.0474532,-0.0104565
718,55.7713,-4.59839,3.74221,-5.60046,-0.0197566,0.0152955,0.0935903
719,68.6109,2.41686,2.47432,-4.63065,-0.0201921,0.0818549,-0.069488
720,13.0886,1.94323,-5.33096,-4.35752,0.0791663,-0.0397688,-0.0426339
721,93.4524,-7.63631,8.34899,3.17275,0.0276745,0.0673753,-0.0644995
722,19.3727,2.07684,-5.05192,1.54262,-0.0373179,0.0565515,0.0797129
723,64.2404,7.69995,-1.61203,-4.4137,-0.0462247,-0.00730981,0.089666
724,88.5437,-4.43586,2.28537,0.476483,0.0721453,-0.0617089,0.0257954
725,14.7267,-7.97932,-3.5551,8.22637,0.00278986,-0.0975324,0.0393785
726,97.0865,2.26944,6.42694,8.20719,-0.0136333,0.0630187,0.0769474
727,94.3736,1.03784,-0.663915,-3.69476,0.0833174,-0.0551104,-0.0837277
728,17.1457,-7.98464,0.77466,4.50579,-0.0955478,0.0187182,-0.0794562
729,65.9475,8.46375,6.19991,2.95695,0.0809224,0.0913632,0.0490813
730,80.9839,-0.318116,-8.06382,4.2082,-0.0880049,-0.0545209,-0.0153409
731,27.2912,6.56616,9.01314,-8.13746,-0.0560428,-0.0756415,0.00923211
732,66.1681,2.09381,-9.90616,0.35899,-0.0264353,-0.0285765,-0.0897721
733,47.5657,-3.70131,-0.743458,-9.24958,0.032351,0.04363,0.0584059
734,65.8939,8.3413,-6.84889,-9.7255,-0.0408026,0.0957112,0.0652714
735,31.0241,-6.13776,-9.15249,-7.31689,-0.0002524,0.0268539,0.0576902
736,79.8882,-3.5728,-8.71798,4.20426,0.0775178,0.0562762,-0.0990615
737,28.2196,-0.675243,-6.16891,9.64614,0.0157885,0.0943278,-0.0654965
738,15.7893,-2.528,0.870496,-5.18381,-0.0786457,-0.0854131,-0.0609303
739,6.45744,1.70299,7.50315,3.3568,0.0271381,-0.022699,-0.0521621
740,58.5813,-4.12323,8.67924,4.42785,-0.0787668,0.054677,-0.0645864
741,25.7753,-4.2669,-6.98539,-6.78054,0.0105345,-0.0286646,0.00305357
742,22.2521,-0.106444,-0.661179,8.38131,0.0763265,0.034489,-0.00770457
743,89.838,4.04937,-4.46145,7.97623,0.00460508,0.097148,0.0351878
744,38.2196,7.42326,7.63974,-8.62037,-0.00069138,-0.0840048,-0.0413121
745,88.1039,-7.4902,7.34679,-3.10774,-0.0658808,-0.0232128,-0.0408446
746,68.3333,3.00885,5.3891,-4.119,-0.00731462,0.00768497,-0.060185
747,1.36657,-2.50105,3.56025,-8.76013,-0.094241,-0.0901475,-0.089906
748,85.764,-1.34421,6.1665,2.54811,-0.0112879,-0.0323035,0.0559142
749,78.8948,-9.42828,7.26491,8.39013,0.0209493,0.0954108,0.0599225
750,21.8568,-3.74204,5.22202,-3.70998,-0.0118745,0.0658332,-0.09397
751,2.72918,8.24185,9.38353,-3.98215,-0.0382185,0.0427524,-0.0477365
752,22.518,-9.36677,7.43694,1.86473,0.0363151,0.0853833,-0.0638186
753,35.7885,6.90916,-5.15983,5.03011,-0.00965432,0.0038641,0.042816
754,41.7834,-6.21281,-2.54567,-8.22037,-0.0994458,-0.0936916,0.0276015
755,61.6174,-5.77175,3.20778,-5.17164,0.0800852,-0.0418559,0.0471332
756,95.7565,-3.56349,8.66015,6.3309,0.0326102,-0.0744776,-0.096801
757,73.8866,-6.49105,6.05528,9.62071,-0.0860078,-0.0717658,-0.019335
758,1.08854,-7.96598,8.70488,5.25259,-0.0740748,0.0932467,0.0712435
759,36.8555,-8.52063,2.38018,5.10739,0.0531221,0.0523207,-0.0557598
760,29.1458,-5.36594,2.96731,-1.42189,-0.0805033,-0.0363345,-0.0177043
761,35.6465,-7.46784,0.947769,4.88841,-0.0820927,-0.0122558,-0.0803876
762,31.7679,5.81796,-0.838147,6.46053,-0.0232875,-0.0474926,-0.0988851
763,68.2245,7.96853,-5.95302,-5.83388,-0.0202231,0.00961956,0.0947447
764,44.1775,-3.0659,7.61018,6.26779,-0.0151079,0.0419285,-0.0305285
765,37.4151,-4.0368,-8.44414,8.89148,-0.0843868,0.0450478,-0.0758253
766,6.0529,2.99618,-4.32889,8.36907,0.0866062,-0.0882505,-0.056179
767,42.1572,4.51961,-8.51618,8.44209,-0.0407797,0.048222,0.0485233
768,5.37716,7.68221,5.87913,-6.14054,-0.0144439,0.0240634,0.0893325
769,83.5077,-1.14978,1.05422,4.8825,-0.0460664,-0.075351,-0.0317978
770,7.14799,7.56459,-7.7382,1.43601,0.0405148,0.0352221,0.0600896
771,40.7994,5.32098,9.66382,0.482198,-0.0177979,-0.0608273,-0.0647787
772,38.5362,-7.30268,-2.97126,-3.73389,-0.0307962,-0.0920866,-0.0619619
773,93.2466,1.97243,3.79318,-7.61774,0.00231164,0.0230938,-0.0536222
774,51.7831,-9.99923,1.8322,1.19153,-0.0360939,0.0282157,0.0421553
775,88.7785,8.3612,2.00343,-3.22689,-0.0068854,-0.0573235,-0.0391891
776,11.6722,-7.69039,6.57047,0.826511,0.0828192,-0.0668935,0.0549826
777,50.3,-3.0213,6.70119,3.64798,-0.0513574,-0.0327143,-0.0130908
778,30.6457,-6.21026,6.11285,-1.06157,0.0303697,-0.0387357,0.0664808
779,58.4631,6.24419,6.58749,-9.82715,-0.0110232,-0.0101546,0.0493334
780,72.1937,6.85237,0.0341059,-7.3404,0.0557841,0.0144367,0.0832724
781,21.4749,3.10796,-8.81502,-4.69198,-0.0529261,-0.0679962,-0.0823265
782,53.415,7.62473,-6.89375,6.56959,0.00689737,0.0610704,-0.0650771
783,8.7869,3.29538,-8.00412,8.7712,-0.0235132,0.0949233,0.0512092
784,30.7518,-8.61488,4.02988,-8.58789,-0.060655,0.0729423,-0.0948027
785,68.6551,-8.4503,-3.51883,-8.32836,-0.0632734,0.0140356,-0.0248365
786,30.6831,1.37211,-1.18855,1.36436,-0.0847186,0.00436958,-0.0770139
787,91.675,-5.25792,-8.42914,1.17819,-0.0477894,0.0387868,0.0584474
788,13.864,-1.21111,8.12523,1.6547,-0.0114862,0.0356824,0.0111872
789,4.23027,-9.89698,0.430569,3.74716,-0.0552375,-0.035183,0.0318935
790,63.6408,-7.38135,-1.7447,-4.10749,-0.0588922,0.0337858,0.0819935
791,87.2335,-6.37771,5.56609,-7.68407,-0.010244,-0.0683145,-0.0168703
792,31.7713,-3.23835,6.70441,-3.9337,0.0349736,0.0530589,0.0027786
793,58.6965,-9.84467,-7.98041,-5.15604,0.0728531,0.0828371,0.0251307
794,33.2748,-5.50997,3.8046,-4.05783,0.0466713,-0.0590522,-0.0469985
795,14.9868,4.37732,-4.10473,0.778272,-0.0483735,-0.0786184,-0.0171844
796,81.1814,-4.86026,-0.396553,0.948009,-0.0832502,0.0682019,-0.0926369
797,19.2987,0.0879302,-6.91628,-8.20232,-0.0558245,-0.0596327,-0.0271643
798,70.3629,-7.41154,9.58336,0.750739,0.0378493,-0.0307292,0.0731044
799,41.541,-8.54377,8.85424,3.04745,-0.0638852,-0.0481531,0.0860416
800,23.4545,-1.62049,-4.81564,3.19607,0.0807411,-0.0377591,-0.0494112
801,64.6044,0.870249,-2.62286,-9.72262,-0.0120221,-0.0890123,-0.0358064
802,87.3707,-4.70115,7.52513,-9.08811,0.0345349,0.0671043,0.0934962
803,72.4088,9.08299,-9.22058,9.92699,0.0854133,-0.0356886,-0.00933162
804,11.0571,8.05312,-3.30185,6.07314,0.0927586,-0.00346093,0.0900695
805,68.0263,5.78988,8.83166,-7.78903,-0.0301004,-0.0994275,-0.0562002
806,38.2841,-0.858297,9.80811,3.67842,0.017101,-0.0458875,-0.00745699
807,69.5834,5.11441,6.9096,-5.06563,0.0380058,0.0459821,0.0159116
808,74.5511,-8.32973,-3.97896,3.43119,0.0488956,0.0342391,0.0644172
809,51.3262,-4.5529,7.0193,1.34472,-0.0985357,-0.0705969,0.0589116
810,22.2869,8.83049,-3.82338,1.97835,-0.0605803,0.0848905,-0.0920017
811,80.8175,-2.23413,-3.23962,7.87803,0.0753496,0.0399347,-0.0257264
812,74.3038,3.04029,-5.96913,7.94372,-0.0215881,-0.0610594,0.0157252
813,16.8756,-9.11996,7.32443,-1.50085,0.0973357,-0.0515498,-0.0936184
814,54.324,2.83623,8.24882,-1.48662,-0.0943644,0.0205419,0.0698051
815,23.6091,-5.55942,-9.39323,-0.50761,0.0910847,-0.0368449,0.0667676
816,88.5612,-5.50293,7.52465,4.5136,-0.0598012,0.0936155,-0.0785121
817,40.4737,9.25957,3.65085,5.06546,-0.0523409,0.0510191,-0.0533931
818,37.0667,-8.08137,8.43637,1.48213,-0.0882482,0.0613703,0.0464781
819,14.6762,-6.1307,4.97351,1.45072,0.000179428,0.0298714,-0.0101616
820,8.21755,8.60407,-5.49431,-6.01932,-0.0641501,-0.0148187,0.0370799
821,60.2448,7.20537,-0.470251,5.80875,0.0474514,-0.0173965,-0.0878619
822,78.5967,3.85174,3.96451,-1.70396,-0.0335964,-0.0989662,0.0931966
823,51.7289,7.0855,6.64035,-7.59822,-0.0650126,0.0879298,0.0769831
824,79.171,-0.364873,-2.19296,-2.81915,0.00592067,-0.00326221,0.0905171
825,42.2595,5.36673,-8.59828,5.37786,-0.0151257,0.0707821,0.0687096
826,8.55198,-8.82879,-7.41751,-8.21479,-0.0530109,0.0711926,-0.0678247
827,77.9818,7.03703,7.48748,7.80236,0.0506384,0.0826527,-0.0467142
828,87.3418,-8.07906,5.69463,1.45801,0.0634443,-0.0117484,-0.0126276
829,88.6934,-8.48254,8.80917,-2.59491,-0.0217342,0.00760464,0.0807482
830,16.8732,-5.96692,9.94592,5.45292,-0.0772841,0.0645262,-0.0506081
831,43.4063,-3.98956,1.29046,4.59646,0.0952858,0.0908365,-0.000341828
832,22.6801,-9.25677,6.99821,4.86631,0.0297142,-0.0484169,-0.0740573
833,40.9462,5.7432,-4.84639,-0.0795787,0.0924656,-0.0169591,0.0938047
834,86.3554,4.00387,-4.28319,7.14377,0.0108142,-0.0415306,-0.0335965
835,40.424,6.35357,-3.689,-5.45077,-0.0997092,-0.0723406,-0.0965543
836,49.1327,3.06759,5.41896,-8.35749,0.0674726,0.00598142,0.0153938
837,35.4634,-4.57391,5.72959,1.99004,0.00559835,0.0502525,0.0338095
838,79.7287,-7.82237,-3.43404,7.26604,0.0426862,-0.00817233,-0.0706756
839,17.1702,-7.49238,-0.869589,-4.91602,0.0785845,-0.0431191,0.0654398
840,20.008,0.244919,-6.39159,8.35577,0.052597,-0.0883352,0.0314518
841,64.4529,-3.80706,8.91478,-6.5499,-0.093038,0.0367741,-0.0185718
842,96.8637,0.401559,-2.27198,4.45687,0.0140303,0.0913083,-0.0599322
843,71.8832,1.75565,-4.06478,8.04244,0.0406265,0.037566,-0.0478005
844,4.80144,0.0222816,-8.46038,3.94596,-0.086197,0.049685,-0.0905694
845,84.3133,-1.11077,0.209075,-0.17985,0.0140764,-0.0660196,-0.087205
846,11.3319,-9.58854,-3.60198,-2.19737,-0.00426281,0.0457933,-0.0812205
847,98.8516,2.98333,0.547931,5.1531,-0.0091475,0.092475,-0.0921493
848,91.4402,7.08412,-5.34388,-4.89974,-0.000427719,-0.0407574,0.0392635
849,53.4195,0.269692,5.85023,8.41101,0.0341472,-0.00416434,0.0281311
850,9.95662,-9.87929,-2.95558,8.18914,0.0876474,-0.0651563,0.0261248
851,75.9663,-2.06739,-6.57103,-1.03051,-0.0456652,-0.0575668,-0.0258437
852,96.7503,1.05836,9.42811,3.98222,0.0754356,-0.0202969,-0.004274
853,79.3695,6.48694,-4.85735,-1.89107,0.0917671,0.080237,-0.0629249
854,61.9053,1.54104,4.89823,6.42852,-0.0968362,-0.0761111,0.0701615
855,86.808,-3.38108,-3.32965,-3.02065,0.0425093,-0.0337927,0.0350214
856,15.7177,4.30375,4.10232,3.41469,-0.0603338,0.0603205,-0.0974
857,59.284,-6.27922,-8.86783,7.02164,-0.0958527,-0.0683024,0.0364322
858,70.9009,3.45201,-2.7294,9.4634,-0.023297,-0.0702441,0.0248432
859,80.6141,-2.33632,-4.59939,-0.851644,0.0589074,-0.0677014,0.0197487
860,98.0887,3.46584,1.98995,-8.61656,-0.0541236,0.0923165,0.0339071
861,55.4638,-1.86519,8.59234,0.41847,0.0874034,-0.0874448,-0.0881114
862,11.1398,-9.31979,4.08205,-0.76163,0.0112293,-0.0413016,0.0616719
863,39.6959,2.84739,-6.03956,6.4057,0.031039,0.0245047,0.00611108
864,50.8554,2.7057,-9.92706,-1.28193,0.0105256,0.00885462,-0.0469336
865,26.9817,-4.63062,7.2471,-3.46146,-0.0128269,0.0758631,-0.0819355
866,48.8765,-3.84115,2.49959,4.74979,-0.0089851,-0.0352822,0.0680002
867,52.8256,-1.39841,7.03283,3.08425,-0.0798537,0.0240388,-0.0116783
868,10.9497,9.50115,-7.00329,-8.49176,0.0484349,0.0789258,-0.00789815
869,32.9602,1.16047,-9.73111,6.10064,-0.0782655,-0.0341696,0.0998638
870,63.8807,7.3364,-1.55357,4.51975,0.0873167,-0.0885159,-0.0835139
871,14.4639,7.72867,-5.52047,-9.31353,-0.0970536,0.0137731,0.0559436
872,6.04675,8.32294,1.96731,-8.23895,0.0488339,-0.089545,0.0959824
873,20.5255,5.69387,5.38909,-8.29349,0.0758375,0.0137397,-0.0688945
874,96.6629,2.90927,8.24598,3.01463,0.0977386,-0.0738486,0.0646371
875,61.837,-1.44887,1.0471,8.10661,0.0960733,0.0456369,0.051113
876,62.3698,4.43821,-2.54568,5.75567,-0.0809596,-0.0512264,-0.0519402
877,45.0869,6.14633,-2.51897,-4.28127,0.0877489,-0.0422785,0.0983389
878,24.0756,1.6507,-6.18146,-2.78335,-0.0806361,0.0896811,0.0254413
879,51.1029,-5.37614,-5.78225,7.98211,0.0425497,-0.0287748,0.045012
880,75.9142,-0.537102,-4.08285,6.69707,0.0849535,-0.0686934,-0.0621292
881,62.4686,-6.02108,6.53274,-0.0380533,0.0067615,-0.0609723,0.050469
882,76.7942,8.89742,-5.48228,-3.68889,-0.0732299,0.080929,-0.018902
883,14.029,5.24168,-8.25244,-0.734917,-0.00221542,0.0726572,0.0102952
884,63.6635,-8.07714,-4.11798,0.216896,-0.0174495,0.0664594,-0.0287662
885,99.2413,-1.2127,-0.852134,1.50934,-0.0970924,0.0427864,-0.0718692
886,79.2129,3.10527,-6.08066,-1.56744,-0.0104135,-0.0534871,-0.0940458
887,23.9607,9.15667,-0.110163,6.80811,0.0949649,-0.0195679,0.0703127
888,91.9283,-9.0794,2.52922,3.81621,-0.0450147,-0.0552217,0.0664768
889,21.2453,-1.25168,5.86368,9.93001,0.0770261,-0.0335696,0.0260179
890,47.9407,3.01998,-6.08592,9.47191,0.0940015,-0.0181131,-0.0362795
891,25.4607,4.6544,3.69277,-7.31939,0.0299523,-0.0320956,-0.0492106
892,52.0859,-4.51387,-1.16467,-5.53403,-0.0828152,0.0283219,-0.0469544
893,44.5894,6.10446,-7.72823,8.32798,-0.0830671,-0.077265,0.0982745
894,40.0969,3.02755,-2.01764,2.74111,-0.0284321,-0.0897021,-0.0370403
895,94.2996,-1.36884,-3.14125,4.34593,0.00631206,0.0677787,-0.00696594
896,29.0752,9.3765,2.94627,-6.28429,0.0873105,0.0447644,-0.0535378
897,17.2537,1.12528,5.92273,-7.49848,-0.0270503,0.00267498,0.0273795
898,85.9307,-6.22556,-5.5431,-2.53679,0.0573062,-0.0654749,0.0703451
899,96.7724,5.31886,-9.34838,-2.9824,0.0388979,0.0692836,-0.0116876
900,3.88558,0.331534,5.70055,-0.0902794,-0.00301032,-0.098092,0.0533407
901,73.4636,9.96564,-4.97607,-4.42247,-0.0741665,-0.0254985,-0.0468538
902,99.8715,-1.84147,6.39141,-8.903,0.0316475,0.0421481,0.075054
903,93.8672,4.63785,8.20075,3.10145,-0.0431192,-0.0695758,-0.079623
904,79.1745,-0.933476,1.40482,8.97077,-0.0890053,0.0199209,-0.0921965
905,42.3333,5.09276,-7.84984,-7.40478,0.0232052,0.0421706,0.0275171
906,56.3138,4.04199,4.70891,-0.152084,-0.0833765,0.0641218,-0.0597502
907,88.6687,7.71956,3.45925,8.31999,-0.0982446,-0.0528961,-0.05781
908,10.3362,-8.76936,4.17036,-0.273506,-0.0291072,0.0764226,0.0628438
909,16.695,0.54834,-4.57125,9.45956,-0.0857454,-0.0525754,0.0276997
910,27.5039,0.348417,-1.25473,-8.10162,-0.0966286,-0.0965806,0.0941697
911,34.298,-6.61549,-6.31853,-6.61063,0.0772306,0.0082108,-0.0350876
912,61.8894,3.34527,8.22681,9.08773,0.0982579,-0.0385898,0.00289049
913,33.2055,0.990812,9.08987,-8.96594,0.0654271,0.0434824,0.0693675
914,68.0982,-2.96325,-2.974,-8.53878,-0.0920594,-0.0756216,-0.0508423
915,47.9077,-8.11326,-8.31503,-7.30762,0.00049715,0.0137408,0.0108751
916,85.7003,8.61473,0.346114,-1.86078,0.00583575,0.0919139,-0.0185665
917,80.2677,-8.24059,-4.87596,6.54423,-0.0335715,-0.0684791,-0.090191
918,54.7417,6.96,-2.75118,-7.23922,-0.0270945,-0.0393281,0.0689488
919,50.6732,2.90354,-5.50762,3.21703,-0.0805734,0.0430775,0.0240203
920,39.7637,-5.95145,5.12681,-1.55352,-0.0547673,0.0498855,0.0315444
921,6.65669,-4.78626,1.09855,-1.27143,0.0241915,-0.032703,0.0560896
922,38.1902,-2.84779,-3.36913,1.10752,0.0695109,-0.0977428,0.0939733
923,58.0193,0.906819,9.01559,-8.01995,0.0967798,-0.0993736,0.0194715
924,86.1482,-1.72221,-9.0118,-1.50958,-0.072195,-0.0469397,-0.0876723
925,23.1105,2.26966,-9.15806,5.7472,-0.0825615,0.0693668,-0.0834675
926,11.1481,-6.41823,-2.62539,-3.83495,-0.016593,-0.00692874,0.0849155
927,81.0394,-7.0304,2.58823,8.37272,-0.0101271,0.0585445,-0.0128598
928,32.2305,-9.12598,4.25724,-4.71546,0.0463136,-0.0180726,-0.0944792
929,19.2305,0.510636,-5.37006,0.372385,-0.0453102,0.0688287,0.057151
930,2.87811,-2.47761,-8.02656,4.20294,0.0786742,0.0862509,0.096266
931,48.3805,1.59286,4.81145,-3.21247,0.0738241,-0.0844615,-0.0525442
932,24.9656,0.420367,-4.2489,-9.05349,-0.0751931,0.0855614,-0.0557384
933,12.4571,6.3286,2.23072,1.31345,-0.0577267,0.0424033,0.0930058
934,40.6564,9.52075,9.44495,-9.03594,0.0161714,-0.0190415,-0.0833474
935,76.9043,1.20794,-8.40686,9.79576,0.0532621,-0.076962,-0.0131918
936,25.3967,1.0359,-5.8567,-2.78447,-0.00552371,-0.0099279,-0.00575382
937,79.8586,-3.88332,-9.83259,3.18369,0.0679126,-0.00197302,0.06128
938,20.4689,8.0504,6.54319,-8.3048,0.00569514,0.0275995,-0.013443
939,71.0454,5.63408,4.3362,-5.61137,0.0534243,-0.0577064,0.0242272
940,74.5927,-6.04457,4.72879,6.77198,0.0363286,0.0234392,-0.002001
941,80.175,6.03134,-9.55005,-4.39819,0.0295184,-0.0476303,-0.0741324
942,34.8234,-1.91413,-3.27701,0.511822,-0.0675328,-0.0688604,-0.0956434
943,80.7362,3.9873,8.84989,-3.82776,-0.0513705,0.0899931,-0.00311195
944,65.2749,3.18698,0.659144,-7.17999,-0.0859996,-0.0225536,-0.0121555
945,20.8311,-8.96221,-9.47204,7.50599,-0.0339856,-0.0751134,0.0192216
946,8.68821,7.53535,1.22535,1.08685,0.0569837,0.0823637,-0.0987394
947,51.9516,3.25302,2.62363,-0.0101703,-0.0259068,-0.0205528,0.0362497
948,36.5183,6.61007,-2.48437,-2.58488,-0.0217824,-0.0413286,-0.0157477
949,24.933,-3.64806,6.15014,0.291106,0.0835518,-0.0827692,0.0301253
950,69.4752,7.95759,-7.56524,-4.04638,-0.0115382,-0.0485635,0.0619978
951,40.7699,-6.11895,-9.96528,-6.7097,-0.00255457,0.0910345,-0.0158243
952,1.12792,-3.59119,2.39068,5.57096,0.0146553,0.0341584,-0.0326827
953,72.0355,-7.66063,7.40862,5.47147,-0.0600654,0.0720231,-0.0636973
954,54.7683,6.00251,1.41875,3.87077,0.0964715,-0.0141995,-0.029617
955,85.2305,-1.47839,-2.2565,-3.94921,-0.0521199,-0.0749805,0.0674224
956,22.4069,6.11244,-6.51414,-5.23753,0.0306612,-0.0543322,0.00162462
957,2.57118,2.38375,-8.75106,-9.06696,-0.0749892,0.0914312,0.076046
958,38.3526,8.50932,-6.28526,-1.26537,0.0150976,-0.0165032,0.0525041
959,23.7951,3.74454,0.546359,-7.01245,-0.0802432,0.0573159,-0.0452251
960,98.6669,-5.73477,3.83466,-4.3635,0.0394012,0.00480025,-0.0180683
961,67.199,0.701568,-8.62057,-6.28231,0.0674519,0.0229815,0.0224019
962,35.5791,-2.10823,-1.75636,-2.80168,0.0491022,-0.093423,0.0461878
963,99.2236,9.61879,-3.7375,-0.33613,0.0930141,-0.0385465,0.0274177
964,47.1577,5.57215,3.42147,3.89008,0.0500002,-0.073246,0.0262769
965,17.299,3.69964,4.28492,0.349313,-0.0712497,-0.0314105,-0.0474567
966,29.2422,-2.80035,9.75989,-1.80473,0.0190958,-0.0251585,0.00279327
967,52.6902,-2.34156,-4.63315,0.755944,0.0944002,-0.0349691,-0.0513834
968,61.9333,2.62571,-6.1867,8.72312,0.0809285,0.094072,0.0524694
969,76.2523,0.833061,-6.29265,-1.47244,0.0898284,-0.00257576,0.0412039
970,43.7472,-0.490255,-5.19479,7.04446,-0.0441429,-0.0367378,0.0657544
971,50.0754,-6.82995,7.98996,-0.539498,-0.0772551,0.0244571,0.0700713
972,33.2833,-3.52326,2.87795,-9.66544,-0.0396109,0.00165076,0.0456253
973,72.653,-7.97992,1.28402,-8.49349,-0.00588945,0.0244535,0.029051
974,34.3864,4.52985,3.8135,2.03861,0.0990825,-0.0869877,-0.0515019
975,43.8038,-0.815093,-1.73299,4.20956,0.0634033,0.0595492,0.0604013
976,76.2709,1.35108,-8.2781,-9.11736,-0.0628394,-0.0536578,-0.0994028
977,61.8231,1.94384,-3.37599,-5.79649,-0.0391483,-0.0500485,0.059341
978,14.3127,5.43731,2.70494,9.91403,0.0846063,-0.0780648,-0.0561884
979,7.90577,8.93928,-2.21942,-6.74441,0.0719978,-0.0303438,-0.013612
980,14.7478,8.67289,-1.52824,-9.51184,-0.0534983,-0.0505747,0.0178411
981,69.783,-0.697024,7.27848,7.14588,0.0542976,-0.0988591,0.0402596
982,64.0041,-6.42706,-3.9682,-4.94716,-0.0180219,-0.0601897,-0.0246117
983,60.4896,1.94847,-3.97877,-4.07804,0.0194557,0.0338956,0.0256927
984,88.8467,-7.37917,6.46023,2.01187,0.0798599,-0.0642819,-0.00307549
985,16.3579,1.51375,-8.6495,-3.52794,0.095655,-0.0312528,0.020491
986,97.6303,-4.04481,6.51776,-7.82374,0.0191637,0.0903194,-0.0706393
987,85.5717,-4.32026,9.49223,5.48747,-0.0293773,0.0678566,0.0652718
988,31.2271,-5.38924,-3.52252,-5.16727,-0.0140959,-0.0974867,-0.04609
989,8.06846,-1.17238,-6.72568,1.75595,-0.0333593,-0.0399856,0.03641
990,64.2678,9.53669,8.2723,-0.718504,-0.039758,0.0868013,0.0549035
991,7.80279,-4.75073,0.396535,2.81593,-0.0768852,-0.0422109,-0.0560135
992,37.7749,-2.14387,6.66133,1.95145,0.0720435,-0.0635673,0.0390636
993,46.416,4.73136,-2.54536,8.97342,0.0589941,0.0246885,-0.0188656
994,53.8062,9.18075,-6.10215,-7.31549,-0.0903055,0.0293099,-0.0612376
995,77.8925,3.23104,-0.0931656,-3.23245,-0.0192394,-0.0306291,-0.00867507
996,60.5117,2.85627,-7.22697,-5.67887,-0.00849232,0.0781476,-0.011101
997,51.1449,-5.7628,-7.4846,-6.74636,0.0574253,-0.0945341,-0.0286844
998,45.044,2.57435,-3.04012,7.90892,-0.0749211,-0.0531939,-0.0428673
999,48.747,-1.40052,-3.75168,5.42761,0.0756468,-0.00862396,-0.0657952
